customer_id,acquisition_date,acquisition_channel,loan_amount,customer_segment,customer_lifetime_value,refinanced,nps_score,branch_id,marketing_spend
CUST000764,14/01/2023,Online,199377.42,First-Time Buyer,14327.38,No,2,BR006,444.12
CUST000072,11/01/2023,Broker,332728.93,Refinancer,5939.21,No,8,BR008,1654.17
CUST000724,30/01/2023,Broker,550296.26,First-Time Buyer,14669.56,Yes,8,BR005,1625.57
CUST000265,05/02/2023,Online,210604.46,First-Time Buyer,10846.81,Yes,7,BR009,518.17
CUST000331,07/02/2023,Broker,192352.32,Investor,24636.78,Yes,1,BR004,2264.35
CUST000342,19/01/2023,Broker,506221.25,First-Time Buyer,18171.24,Yes,5,BR005,1838.67
CUST000086,06/02/2023,Online,444915.66,Investor,18126.96,No,2,BR008,555.94
CUST000755,12/02/2023,Online,170573.27,Refinancer,5970.93,No,7,BR008,490.5
CUST000792,11/02/2023,Online,245342.37,First-Time Buyer,40375.46,No,7,BR009,489.7
CUST000093,03/02/2023,Broker,423138.09,First-Time Buyer,13312.96,No,9,BR009,1677.03
CUST000582,03/02/2023,Online,279578.06,Refinancer,31476.51,No,0,BR003,553.55
CUST000726,12/02/2023,Direct,320193.22,Refinancer,9578.52,No,8,BR001,1149.85
CUST000364,08/02/2023,Online,274796.13,Investor,5000,Yes,4,BR007,479.19
CUST000783,12/02/2023,Online,299866.3,Investor,37339.35,No,3,BR008,526.06
CUST000048,02/02/2023,Broker,300912.07,First-Time Buyer,30708.49,No,5,BR006,2217.82
CUST000379,16/02/2023,Direct,165104.83,Refinancer,14599.34,No,8,BR010,1115.64
CUST000084,14/02/2023,Online,178931.7,Refinancer,25282.63,Yes,9,BR007,569.81
CUST000958,06/02/2023,Broker,321203.65,First-Time Buyer,22466.78,Yes,6,BR002,1850.05
CUST000251,09/02/2023,Referral,199833.35,Refinancer,25367.99,No,8,BR007,259.18
CUST000691,12/02/2023,Online,403029.92,Investor,34951.24,No,0,BR005,562.98
CUST000702,09/02/2023,Online,398813.51,First-Time Buyer,5000,No,2,BR010,564.11
CUST000257,25/02/2023,Online,307983.08,Refinancer,38468.66,No,3,BR009,478.81
CUST000276,08/02/2023,Online,327291.61,First-Time Buyer,8800.85,No,9,BR009,558.83
CUST000124,10/02/2023,Broker,442806.08,First-Time Buyer,25475.6,Yes,2,BR003,1966.41
CUST000921,24/02/2023,Online,500954.59,First-Time Buyer,9619.46,No,1,BR006,436.24
CUST000019,03/03/2023,Online,193401.09,First-Time Buyer,28517.72,No,6,BR008,417.38
CUST000938,26/02/2023,Broker,493125.31,First-Time Buyer,25620.63,No,7,BR006,2229.63
CUST000928,18/02/2023,Online,210366.23,Refinancer,5000,Yes,4,BR002,464.87
CUST000829,24/02/2023,Broker,314621.04,Refinancer,22630.4,No,1,BR003,1839.9
CUST000844,18/02/2023,Direct,269340.56,First-Time Buyer,25946.76,No,0,BR003,996.88
CUST000605,26/02/2023,Online,398189.9,Investor,23317.85,No,5,BR005,568.9
CUST000470,19/02/2023,Referral,235147.22,First-Time Buyer,10956.28,No,6,BR004,345.78
CUST000712,28/02/2023,Broker,141145.76,First-Time Buyer,9523.76,No,5,BR009,2155.85
CUST000511,05/03/2023,Online,305332.17,Refinancer,28640.13,No,0,BR004,424.03
CUST000489,03/03/2023,Referral,231903.22,Refinancer,18076,No,9,BR003,282.37
CUST000835,10/03/2023,Online,221964.06,First-Time Buyer,12032.04,No,10,BR010,497.66
CUST000901,01/03/2023,Online,150867.98,First-Time Buyer,35438.38,No,3,BR008,412.11
CUST000362,28/02/2023,Direct,220456.21,First-Time Buyer,15319.9,No,5,BR009,832.59
CUST000115,04/03/2023,Online,214217.9,Refinancer,11803.36,Yes,4,BR002,562.02
CUST000786,22/02/2023,Online,186533.47,First-Time Buyer,17647.7,Yes,1,BR004,502.33
CUST000624,24/02/2023,Referral,375454.08,First-Time Buyer,27215.85,Yes,4,BR010,318.32
CUST000832,07/03/2023,Online,383791.79,Investor,23942.06,No,1,BR010,548.78
CUST000808,16/03/2023,Online,379613.37,Refinancer,29670.66,Yes,0,BR002,469.04
CUST000326,08/03/2023,Direct,308420.1,Investor,28016.93,No,0,BR008,802.71
CUST000852,02/03/2023,Direct,112200.38,Investor,6144.18,No,9,BR001,1111.29
CUST000742,12/03/2023,Broker,368943.36,First-Time Buyer,35314.83,Yes,6,BR003,1968.2
CUST000299,11/03/2023,Referral,218428.89,Refinancer,26379.99,Yes,1,BR002,294.8
CUST000049,21/03/2023,Broker,257845.78,Investor,26891.8,No,9,BR007,1773.96
CUST000216,10/03/2023,Broker,266049.64,Refinancer,29391.17,No,1,BR005,1894.86
CUST000665,23/03/2023,Broker,139575.1,Refinancer,24357.13,Yes,6,BR003,2011.86
CUST000529,10/03/2023,Direct,178339.28,First-Time Buyer,27230.8,No,2,BR004,888.41
CUST000096,21/03/2023,Online,287535.23,First-Time Buyer,11708.9,No,10,BR001,539.51
CUST000294,09/03/2023,Broker,301617.18,First-Time Buyer,28691.17,Yes,2,BR008,1782.07
CUST000693,05/03/2023,Broker,260752.3,Refinancer,18479.37,Yes,10,BR010,2205.76
CUST000330,16/03/2023,Broker,215961.03,Refinancer,17251.44,No,9,BR005,2053.54
CUST000463,19/03/2023,Direct,556950.62,First-Time Buyer,33360.26,No,0,BR007,1061.08
CUST000471,28/03/2023,Referral,234970.3,Investor,50948.29,Yes,0,BR006,321.09
CUST000910,13/03/2023,Broker,511897.51,Refinancer,28901.76,No,3,BR004,2275.62
CUST000202,10/03/2023,Referral,450139.01,Refinancer,27587.89,No,8,BR005,348.75
CUST000125,19/03/2023,Broker,349066.22,Refinancer,19660.37,No,1,BR007,1608.19
CUST000034,24/03/2023,Online,475481.19,First-Time Buyer,24322.93,No,4,BR006,497.13
CUST000500,31/03/2023,Referral,212171.92,First-Time Buyer,28555.4,No,8,BR004,255.52
CUST000749,21/03/2023,Online,327005.86,Refinancer,7699.47,No,6,BR008,592.18
CUST000825,02/04/2023,Broker,344232.83,First-Time Buyer,6041.4,No,0,BR004,2295.48
CUST000103,27/03/2023,Online,414367.57,First-Time Buyer,11188.45,No,10,BR001,500.58
CUST000993,30/03/2023,Online,202445.35,First-Time Buyer,19999.3,No,9,BR008,464.5
CUST000534,24/03/2023,Broker,386251,First-Time Buyer,18119.4,No,0,BR005,2282.12
CUST000140,29/03/2023,Broker,389639.01,Investor,20396.85,No,7,BR004,1735.11
CUST000189,08/04/2023,Referral,326902.23,First-Time Buyer,28866.6,No,10,BR010,332.03
CUST000930,07/04/2023,Online,460473.2,Investor,33371.77,Yes,8,BR009,453.67
CUST000455,01/04/2023,Online,357509.64,First-Time Buyer,33914.23,No,0,BR009,574.65
CUST000776,28/03/2023,Online,424051.61,Investor,34135.49,Yes,0,BR006,559.07
CUST000795,27/03/2023,Online,310401.82,Refinancer,15096.48,Yes,7,BR009,441.28
CUST000057,28/03/2023,Direct,292760.24,First-Time Buyer,31342.48,Yes,2,BR007,994.18
CUST000272,03/04/2023,Referral,438654.01,First-Time Buyer,19125.26,No,8,BR009,340.14
CUST000358,24/03/2023,Broker,364220.98,First-Time Buyer,20041.99,Yes,3,BR010,1773.69
CUST000466,27/03/2023,Direct,257670.78,Refinancer,34170.95,No,4,BR006,879.45
CUST000135,27/03/2023,Direct,276351.24,Refinancer,17833.48,Yes,5,BR005,813.41
CUST000980,28/03/2023,Broker,187219.51,First-Time Buyer,31298.51,No,4,BR006,1976.15
CUST000911,08/04/2023,Online,302943.57,Investor,13373.24,No,6,BR010,563.67
CUST000433,01/04/2023,Referral,280238.95,Refinancer,26122.05,No,0,BR010,295.04
CUST000947,04/04/2023,Broker,302001.8,Investor,19710.53,No,2,BR007,2268.62
CUST000407,14/04/2023,Referral,139709.24,Refinancer,21454.23,No,5,BR002,324.92
CUST000475,16/04/2023,Online,391748.99,Refinancer,17918.04,Yes,1,BR008,439.95
CUST000366,16/04/2023,Broker,308676.42,Refinancer,27639.49,Yes,7,BR007,2037.5
CUST000594,06/04/2023,Online,415423.02,Refinancer,32779.21,No,4,BR008,599.09
CUST000397,01/04/2023,Broker,388045.02,Refinancer,24403.48,Yes,9,BR001,1827.34
CUST000878,30/03/2023,Referral,375516.11,Investor,24965.84,No,1,BR002,283.67
CUST000725,18/04/2023,Online,299264.53,First-Time Buyer,30470.68,No,10,BR002,541.04
CUST000887,06/04/2023,Broker,386987.16,Refinancer,15890.85,No,3,BR003,2261.7
CUST000136,03/04/2023,Online,352561.29,Refinancer,28272.15,No,6,BR003,480.68
CUST000301,12/04/2023,Online,112277.61,Refinancer,12518.04,No,5,BR001,471.79
CUST000699,18/04/2023,Broker,272092.77,First-Time Buyer,12104.81,Yes,1,BR010,1926
CUST000548,14/04/2023,Referral,306014.47,First-Time Buyer,31842.53,No,2,BR009,273.31
CUST000875,06/04/2023,Broker,409439.98,Refinancer,34925.61,No,0,BR009,1840.89
CUST000677,11/04/2023,Online,380591.5,First-Time Buyer,11330.29,No,9,BR010,441.31
CUST000561,05/04/2023,Broker,213658.47,First-Time Buyer,6096.83,No,1,BR010,1783.08
CUST000507,27/04/2023,Direct,315665.36,First-Time Buyer,16168.82,Yes,1,BR009,956.09
CUST000293,25/04/2023,Online,340745.84,Investor,5137.18,No,6,BR007,575.82
CUST000192,18/04/2023,Referral,365275.01,First-Time Buyer,20220.82,No,10,BR005,262.23
CUST000773,08/04/2023,Broker,220265.54,Investor,21935.85,No,6,BR004,2305.21
CUST000985,20/04/2023,Referral,198792.26,Refinancer,17620.8,Yes,7,BR001,346.19
CUST000388,01/05/2023,Online,276537.57,Investor,28025.26,No,6,BR002,576.57
CUST000479,13/04/2023,Broker,309830.77,Refinancer,9858.26,Yes,4,BR005,2071.32
CUST000190,19/04/2023,Referral,337763.15,First-Time Buyer,5000,No,7,BR006,338.44
CUST000277,18/04/2023,Broker,392607.62,Refinancer,20003.05,No,6,BR004,1941.09
CUST000042,03/05/2023,Online,164562.11,First-Time Buyer,14698.21,Yes,2,BR006,426.33
CUST000686,16/04/2023,Online,286055.53,Investor,7165.24,No,5,BR007,407.62
CUST000576,20/04/2023,Referral,291368.37,First-Time Buyer,16360.87,No,9,BR010,317.62
CUST000193,16/04/2023,Online,355275.77,Refinancer,14025.09,No,4,BR006,560.17
CUST000536,14/04/2023,Broker,317717.32,First-Time Buyer,36199.15,No,9,BR002,1903.45
CUST000179,06/05/2023,Online,256598.82,Refinancer,49608.7,No,5,BR005,445.61
CUST000195,05/05/2023,Online,260689.62,Refinancer,18354.55,No,5,BR007,421.12
CUST000704,02/05/2023,Referral,423420.88,First-Time Buyer,29020.77,No,8,BR010,333.8
CUST000013,07/05/2023,Broker,296964.59,First-Time Buyer,33603.9,No,1,BR010,2089.39
CUST000028,01/05/2023,Broker,261750.98,Refinancer,21007.58,No,2,BR005,1997.06
CUST000157,06/05/2023,Online,330996.87,Investor,32786.88,No,8,BR006,546.99
CUST000598,05/05/2023,Broker,325496.7,Investor,17724.59,Yes,0,BR003,2029.18
CUST000502,12/05/2023,Broker,436968.52,Investor,27826.97,No,5,BR005,2327.46
CUST000423,04/05/2023,Online,235112.7,First-Time Buyer,17540.94,No,4,BR009,400.62
CUST000670,26/04/2023,Broker,254177.94,First-Time Buyer,14209.86,Yes,0,BR009,2008.96
CUST000886,25/04/2023,Direct,321166.19,Refinancer,16142.43,Yes,2,BR009,1009.29
CUST000801,30/04/2023,Online,50000,First-Time Buyer,22215.45,No,8,BR001,505.98
CUST000221,04/05/2023,Referral,553238.76,Refinancer,8567.32,No,2,BR003,319.49
CUST000391,15/05/2023,Online,255694.66,First-Time Buyer,20323.13,No,2,BR006,597.29
CUST000230,13/05/2023,Online,397003.71,Refinancer,15008.38,Yes,3,BR009,553.98
CUST000131,07/05/2023,Referral,271239.53,First-Time Buyer,5388.68,No,2,BR005,354.2
CUST000110,13/05/2023,Online,412309.74,First-Time Buyer,16831.44,No,6,BR008,452
CUST000081,22/05/2023,Referral,406192.48,Refinancer,5000,No,2,BR009,274.53
CUST000736,24/05/2023,Online,202454,First-Time Buyer,25326.49,No,6,BR007,438.97
CUST000750,12/05/2023,Broker,261726.91,First-Time Buyer,32601.1,No,1,BR006,1653.09
CUST000317,24/05/2023,Broker,174258.28,Refinancer,18062.53,No,2,BR004,2140.27
CUST000957,13/05/2023,Broker,259857.45,First-Time Buyer,10602.03,No,1,BR004,2000.77
CUST000410,04/05/2023,Direct,364562.96,Investor,7089.53,No,6,BR010,1125.33
CUST000314,20/05/2023,Broker,426047.3,First-Time Buyer,26404.13,Yes,10,BR003,1640.03
CUST000101,16/05/2023,Online,243987.65,Investor,15290.08,No,4,BR010,581.42
CUST000160,22/05/2023,Referral,300434.09,First-Time Buyer,49817.93,Yes,2,BR006,358.31
CUST000377,12/05/2023,Broker,389841.87,First-Time Buyer,18125.47,No,10,BR004,2144.49
CUST000235,12/05/2023,Online,505284.16,First-Time Buyer,27639.43,No,7,BR004,591.86
CUST000965,20/05/2023,Online,393036.89,Investor,30794.13,No,3,BR004,515.22
CUST000341,31/05/2023,Online,50000,Refinancer,17336.77,No,1,BR007,541.24
CUST000741,22/05/2023,Referral,211368.05,First-Time Buyer,19615.96,Yes,9,BR004,340.3
CUST000038,22/05/2023,Online,291994.23,Refinancer,10635.03,No,9,BR009,501.64
CUST000977,02/06/2023,Online,324735.2,Refinancer,14428.06,Yes,10,BR007,546.27
CUST000208,18/05/2023,Referral,231423.16,Refinancer,25233.67,No,2,BR004,309.5
CUST000675,29/05/2023,Broker,375025.14,Refinancer,19310.6,Yes,0,BR006,1616.25
CUST000857,07/06/2023,Online,264335.03,Refinancer,15529.04,No,7,BR009,504.06
CUST000053,01/06/2023,Online,202362.04,Investor,16690.85,No,0,BR010,464.47
CUST000929,01/06/2023,Online,186036.29,Refinancer,16783.91,No,6,BR003,510.57
CUST000097,25/05/2023,Online,188944.38,First-Time Buyer,9896,Yes,4,BR003,469.71
CUST000141,01/06/2023,Online,163664.37,First-Time Buyer,30572.34,No,3,BR005,530.92
CUST000569,03/06/2023,Broker,306676.21,First-Time Buyer,18044.65,No,4,BR004,2227.32
CUST000558,20/05/2023,Online,253520.58,Investor,25438.83,No,5,BR008,415.13
CUST000347,02/06/2023,Referral,240447.92,First-Time Buyer,5000,Yes,0,BR004,271.77
CUST000076,08/06/2023,Direct,301481.92,Investor,22515.92,No,10,BR002,821.9
CUST000200,07/06/2023,Referral,446832.41,First-Time Buyer,25624.8,Yes,7,BR002,269.16
CUST000085,07/06/2023,Referral,208047.75,Refinancer,14295.26,Yes,1,BR005,260.8
CUST000610,23/05/2023,Referral,304197.84,First-Time Buyer,5000,No,0,BR008,270.06
CUST000807,16/06/2023,Referral,379651.5,First-Time Buyer,29940.44,No,10,BR004,242.42
CUST000824,02/06/2023,Online,349425.54,First-Time Buyer,5000,No,2,BR009,513.66
CUST000978,28/05/2023,Referral,78925.98,Investor,16787.36,Yes,5,BR006,347.67
CUST000711,18/06/2023,Online,190395.45,Refinancer,33007.92,No,10,BR003,463.49
CUST000949,30/05/2023,Online,355356.83,Refinancer,24768.63,No,4,BR006,552.74
CUST000336,15/06/2023,Broker,262154.53,First-Time Buyer,24957.25,No,4,BR004,1993.6
CUST000592,12/06/2023,Online,452322.67,Investor,19060.81,Yes,1,BR005,520.79
CUST000663,10/06/2023,Broker,372396.65,First-Time Buyer,20332.86,Yes,1,BR007,2239.17
CUST000718,19/06/2023,Referral,241283.64,Refinancer,22584.26,No,0,BR001,316.54
CUST000551,21/06/2023,Online,320266.42,First-Time Buyer,15878.59,No,4,BR001,470.76
CUST000273,03/06/2023,Online,357149.47,First-Time Buyer,43292.53,No,1,BR009,561.99
CUST000268,18/06/2023,Online,371203.17,Refinancer,5000,No,10,BR007,592.56
CUST000922,11/06/2023,Referral,378146.09,Refinancer,30224.36,No,8,BR006,293.59
CUST000761,04/06/2023,Online,367139.74,Refinancer,8021.97,No,1,BR007,524.34
CUST000075,09/06/2023,Referral,227022.47,First-Time Buyer,8630.21,Yes,1,BR002,323.85
CUST000424,17/06/2023,Broker,383182.76,First-Time Buyer,35161.36,Yes,4,BR007,2391.6
CUST000710,08/06/2023,Direct,509741.01,First-Time Buyer,27704.56,Yes,4,BR004,984.42
CUST000683,26/06/2023,Online,375817.83,Refinancer,17459.8,No,9,BR002,447.48
CUST000069,30/06/2023,Broker,357758.02,Refinancer,22864,Yes,0,BR004,2156.77
CUST000421,28/06/2023,Online,409114.91,Refinancer,28742.37,No,0,BR008,485.38
CUST000139,14/06/2023,Online,309183.58,First-Time Buyer,22342.2,No,4,BR008,432.43
CUST000546,16/06/2023,Broker,323049.66,First-Time Buyer,34385.26,No,3,BR008,2264.64
CUST000730,28/06/2023,Online,281343.58,Investor,12269.53,Yes,7,BR001,509.9
CUST000499,21/06/2023,Referral,317465.47,First-Time Buyer,30236.37,No,7,BR007,311.3
CUST000453,30/06/2023,Referral,340887.9,Refinancer,20866.23,No,5,BR009,351.35
CUST000429,23/06/2023,Direct,155002.44,First-Time Buyer,21316.96,No,0,BR010,922.24
CUST000186,21/06/2023,Online,245752.45,Refinancer,10948.15,No,1,BR005,549.46
CUST000940,28/06/2023,Referral,129060.07,First-Time Buyer,22733.67,No,0,BR008,322.98
CUST000613,25/06/2023,Broker,309235.68,First-Time Buyer,25354.49,No,6,BR006,2349.21
CUST000593,02/07/2023,Online,377983.41,First-Time Buyer,21469.66,Yes,2,BR007,506.82
CUST000010,05/07/2023,Broker,397160.96,Refinancer,12087.39,Yes,9,BR004,2087.65
CUST000225,04/07/2023,Broker,373771.29,Investor,5000,No,2,BR010,2347.72
CUST000295,09/07/2023,Direct,406235.67,Investor,21643.13,No,7,BR006,807.26
CUST000999,11/07/2023,Broker,413773.36,First-Time Buyer,19301.75,No,7,BR005,2225.58
CUST000296,24/06/2023,Referral,421299.94,First-Time Buyer,17380.7,No,7,BR001,333.58
CUST000285,11/07/2023,Online,299904.66,First-Time Buyer,35926.16,No,6,BR002,430.59
CUST000519,28/06/2023,Online,302846.59,Investor,17100.07,No,4,BR007,432.54
CUST000920,10/07/2023,Broker,369396.75,Investor,5000,No,7,BR010,1985.64
CUST000679,24/06/2023,Direct,220992.4,Refinancer,11846.62,No,6,BR009,1011.31
CUST000658,11/07/2023,Referral,196366.37,First-Time Buyer,9179.16,Yes,7,BR006,329.73
CUST000614,16/07/2023,Online,239971.34,First-Time Buyer,42021.7,No,9,BR008,471.15
CUST000621,01/07/2023,Referral,280570.89,Refinancer,5000,No,2,BR004,330.99
CUST000896,07/07/2023,Online,334562.21,First-Time Buyer,25452.42,No,2,BR004,437.46
CUST000406,30/06/2023,Referral,463370.1,First-Time Buyer,32510.99,No,9,BR001,257.42
CUST000381,15/07/2023,Online,96605.94,Refinancer,15504.04,No,8,BR005,470.87
CUST000510,19/07/2023,Referral,439316.86,Investor,11400.6,No,7,BR007,310.92
CUST000982,12/07/2023,Direct,375151.97,Refinancer,26485.78,Yes,6,BR003,814.09
CUST000427,25/07/2023,Online,297613.16,First-Time Buyer,28464.07,No,0,BR003,519.08
CUST000080,06/07/2023,Referral,307288.15,Refinancer,25300.93,No,4,BR007,273.57
CUST000094,18/07/2023,Referral,132958.29,First-Time Buyer,29422.6,Yes,8,BR006,304.45
CUST000814,27/07/2023,Referral,274924.86,Investor,5000,No,8,BR009,304.31
CUST000346,09/07/2023,Online,324321.76,Refinancer,15250.02,No,6,BR009,433.07
CUST000434,10/07/2023,Broker,138654.06,Refinancer,38743.76,No,6,BR003,1787.33
CUST000882,30/07/2023,Broker,418933.28,First-Time Buyer,17655.18,Yes,4,BR003,2075.28
CUST000258,13/07/2023,Online,183520.3,First-Time Buyer,23179.12,No,3,BR001,572.78
CUST000585,31/07/2023,Direct,376750,First-Time Buyer,15321.06,No,2,BR009,1016.33
CUST000615,26/07/2023,Online,437430.71,Refinancer,5000,Yes,9,BR006,421.61
CUST000266,27/07/2023,Online,169479.19,Refinancer,15089.97,No,4,BR004,565.98
CUST000822,26/07/2023,Broker,449116.83,First-Time Buyer,22784.63,Yes,0,BR006,1628.75
CUST000960,19/07/2023,Referral,175537.15,First-Time Buyer,13792.82,No,0,BR002,346.69
CUST000770,27/07/2023,Referral,301094.78,Investor,16899.01,No,4,BR009,275.1
CUST000866,10/08/2023,Broker,314524.4,First-Time Buyer,5000,No,3,BR006,2255.47
CUST000494,09/08/2023,Online,206822.53,Refinancer,20361.69,No,2,BR004,499.27
CUST000037,30/07/2023,Online,332516.91,Refinancer,18065.27,No,0,BR001,547.83
CUST000847,14/08/2023,Online,296927.85,Investor,11035.63,Yes,8,BR003,447.95
CUST000590,24/07/2023,Online,421442.08,First-Time Buyer,21895.48,No,3,BR009,538.9
CUST000645,26/07/2023,Direct,210096.09,Refinancer,12930.8,No,10,BR004,1135.46
CUST000413,08/08/2023,Direct,137009.05,First-Time Buyer,5000,Yes,6,BR002,839.49
CUST000426,07/08/2023,Online,226200.21,Refinancer,33807.14,Yes,3,BR010,419.05
CUST000834,06/08/2023,Direct,310981.59,Investor,12102.26,Yes,1,BR001,1126.44
CUST000660,31/07/2023,Online,73627.14,First-Time Buyer,27261.61,No,5,BR009,585.03
CUST000976,18/08/2023,Broker,215204.69,Refinancer,9800.63,Yes,4,BR006,1976.82
CUST000831,02/08/2023,Online,110860.65,First-Time Buyer,6362.09,No,7,BR004,520.15
CUST000332,16/08/2023,Online,252059.83,Refinancer,25480.21,No,3,BR009,523.32
CUST000056,24/08/2023,Online,209358.72,First-Time Buyer,19132.49,No,4,BR006,569
CUST000061,20/08/2023,Referral,391505,Investor,12016.96,No,7,BR010,242.44
CUST000334,13/08/2023,Online,452633.27,First-Time Buyer,28043.76,No,1,BR009,418.67
CUST000224,02/09/2023,Broker,274978.97,Refinancer,33980.02,No,3,BR002,1985.07
CUST000044,29/08/2023,Broker,365092.22,First-Time Buyer,27006.94,No,6,BR010,1682.88
CUST000586,29/08/2023,Online,376049.07,Refinancer,39856.38,No,5,BR007,590.87
CUST000971,16/08/2023,Online,182225.44,First-Time Buyer,13187.13,No,0,BR006,457.13
CUST000168,05/09/2023,Online,188702.27,Investor,25720.12,No,5,BR006,485.03
CUST000311,26/08/2023,Broker,291640.36,First-Time Buyer,8875.65,No,0,BR007,2273.42
CUST000728,03/09/2023,Online,458806.08,First-Time Buyer,24022.99,No,4,BR007,533.4
CUST000280,21/08/2023,Referral,233935.86,Refinancer,19411.52,No,1,BR002,307.58
CUST000063,07/09/2023,Broker,372158.09,First-Time Buyer,19596.04,Yes,4,BR008,1680.72
CUST000022,30/08/2023,Direct,125860.94,First-Time Buyer,36001.24,No,1,BR006,1123.26
CUST000327,23/08/2023,Online,426146.4,Investor,11390.32,Yes,10,BR001,503.9
CUST000403,06/09/2023,Online,357435.8,First-Time Buyer,13852.52,No,8,BR008,574.08
CUST000113,10/09/2023,Referral,154237.55,First-Time Buyer,21807.4,No,5,BR003,272.29
CUST000687,09/09/2023,Referral,360078.77,First-Time Buyer,24538.6,No,6,BR005,245.03
CUST000701,30/08/2023,Referral,288566.53,Refinancer,8346.75,No,5,BR010,273.09
CUST000228,12/09/2023,Online,287584.08,Refinancer,10031.42,No,3,BR002,452.9
CUST000591,02/09/2023,Online,176462.51,Refinancer,5483.59,Yes,10,BR004,593.63
CUST000239,17/09/2023,Online,463073.5,Investor,25985.38,No,9,BR002,598.54
CUST000171,03/09/2023,Referral,381331.61,Investor,29563.35,No,7,BR003,258.74
CUST000351,21/09/2023,Online,396345.12,Refinancer,15975.23,Yes,0,BR007,472.23
CUST000066,12/09/2023,Online,344078.49,First-Time Buyer,31084.38,No,0,BR007,561.83
CUST000637,25/09/2023,Broker,272863.28,First-Time Buyer,22561.96,Yes,9,BR002,2074.76
CUST000931,24/09/2023,Broker,362287.88,Investor,8731.18,No,6,BR006,1734.21
CUST000697,16/09/2023,Referral,269113.5,Refinancer,22957.26,No,10,BR008,270.59
CUST000025,14/09/2023,Online,239417.55,Refinancer,16974.86,No,1,BR010,436.54
CUST000422,09/09/2023,Online,270926.28,Investor,12002.51,No,2,BR003,597.24
CUST000090,13/09/2023,Broker,179359.67,First-Time Buyer,11293.71,No,8,BR007,1961.01
CUST000739,09/09/2023,Online,349422.61,Investor,40492.68,No,5,BR001,506.38
CUST000629,01/10/2023,Broker,212020.26,First-Time Buyer,17606.42,No,7,BR008,2166.79
CUST000743,30/09/2023,Online,331457.9,Investor,39346.25,No,6,BR008,410.49
CUST000639,30/09/2023,Referral,486738.99,Refinancer,16575.71,No,4,BR004,277.51
CUST000767,18/09/2023,Online,384265.77,First-Time Buyer,22542.06,Yes,4,BR007,526.94
CUST000797,29/09/2023,Online,74718.29,First-Time Buyer,13942.13,Yes,7,BR002,434.57
CUST000759,13/09/2023,Referral,430279.99,Refinancer,20775.84,Yes,3,BR008,285.41
CUST000052,24/09/2023,Referral,313865.26,Investor,30820.17,Yes,3,BR006,320.05
CUST000392,21/09/2023,Online,422044.95,First-Time Buyer,22767.04,No,8,BR004,407.36
CUST000512,02/10/2023,Referral,233061.75,Refinancer,18971.49,No,6,BR010,352.58
CUST000956,08/10/2023,Broker,292869.61,Refinancer,29014.34,Yes,5,BR003,2223.43
CUST000078,28/09/2023,Online,89829.57,First-Time Buyer,11613.3,Yes,5,BR009,559.19
CUST000664,22/09/2023,Online,181698.88,Investor,29782.94,No,1,BR002,405.47
CUST000541,29/09/2023,Broker,278555.62,First-Time Buyer,31080.38,Yes,8,BR002,1720.86
CUST000843,16/10/2023,Online,306412.81,First-Time Buyer,14813.98,Yes,2,BR003,441.39
CUST000790,11/10/2023,Online,393358.38,Investor,21761.05,No,9,BR005,595.47
CUST000338,01/10/2023,Referral,320267.84,First-Time Buyer,15328.67,No,1,BR005,300.51
CUST000184,16/10/2023,Online,366912.4,Refinancer,9258.03,No,1,BR010,412.97
CUST000425,17/10/2023,Online,221225.98,First-Time Buyer,5000,No,1,BR002,588.39
CUST000727,02/10/2023,Broker,270419.16,Investor,46147.99,No,7,BR003,1927.77
CUST000968,11/10/2023,Online,181414.42,Investor,5000,Yes,1,BR004,588.32
CUST000966,07/10/2023,Referral,153331.36,Investor,33405.44,Yes,8,BR002,313.44
CUST000095,16/10/2023,Direct,476299.03,Investor,19760.08,Yes,3,BR007,1170.33
CUST000256,13/10/2023,Direct,391501.99,Investor,19885.66,No,6,BR010,951.72
CUST000873,09/10/2023,Online,227855.07,Refinancer,6589.65,Yes,0,BR008,449.85
CUST000302,19/10/2023,Referral,285115.25,Refinancer,24179.85,No,9,BR008,291.58
CUST000259,21/10/2023,Broker,310195.1,First-Time Buyer,12329.14,No,3,BR003,2308.43
CUST000680,18/10/2023,Broker,461299.67,First-Time Buyer,7650.57,No,5,BR008,2120.87
CUST000856,31/10/2023,Online,408216.28,First-Time Buyer,9367.23,No,10,BR008,448.83
CUST000310,04/11/2023,Broker,357473.62,First-Time Buyer,31247.68,Yes,10,BR004,1610.66
CUST000461,29/10/2023,Online,241930.96,First-Time Buyer,20179.3,No,9,BR004,446.11
CUST000907,07/11/2023,Online,266966.2,First-Time Buyer,12090.86,Yes,9,BR005,523.57
CUST000142,05/11/2023,Direct,372587.82,Refinancer,24317.04,No,9,BR010,892.42
CUST000036,24/10/2023,Broker,282168.99,First-Time Buyer,5000,No,3,BR008,2202.69
CUST000073,25/10/2023,Referral,438578.94,First-Time Buyer,5568.19,Yes,5,BR007,355.28
CUST000955,09/11/2023,Online,297731.11,Investor,16572.42,No,3,BR008,470.96
CUST000237,01/11/2023,Online,365669.43,Investor,30111.05,No,0,BR002,525.32
CUST000018,08/11/2023,Online,333114.65,First-Time Buyer,24731.8,No,3,BR008,551.71
CUST000652,27/10/2023,Online,98361.5,First-Time Buyer,13417.4,No,0,BR001,481.34
CUST000522,02/11/2023,Direct,254636.12,First-Time Buyer,9611.01,No,3,BR007,1160.12
CUST000318,30/10/2023,Referral,281876.54,Refinancer,20235.76,No,9,BR004,253.29
CUST000540,14/11/2023,Online,319296.77,First-Time Buyer,5000,No,4,BR002,416.61
CUST000632,12/11/2023,Direct,309945.19,First-Time Buyer,32348.51,Yes,9,BR006,1034.21
CUST000676,14/11/2023,Online,215029.67,First-Time Buyer,20185.76,No,1,BR007,404.98
CUST000973,30/10/2023,Online,246398.14,Refinancer,31898.76,No,1,BR006,483.73
CUST000848,28/10/2023,Broker,231428.82,Refinancer,12896.02,No,4,BR001,1622.88
CUST000713,31/10/2023,Referral,314129.1,First-Time Buyer,19260.7,No,5,BR010,303.66
CUST000474,20/11/2023,Broker,345497.62,Refinancer,19766.06,No,4,BR010,1871.64
CUST000217,21/11/2023,Online,129026.29,Investor,35080.64,No,9,BR006,418.55
CUST000738,01/11/2023,Referral,282140.32,Investor,6105.46,No,4,BR009,295.39
CUST000376,06/11/2023,Broker,210638.55,First-Time Buyer,29885.38,No,2,BR008,2169.21
CUST000339,06/11/2023,Broker,489993.97,Refinancer,33801.98,No,10,BR006,1762.92
CUST000996,05/11/2023,Referral,171177.13,First-Time Buyer,15263.6,No,8,BR001,272.31
CUST000762,05/11/2023,Online,417879.63,Refinancer,16092.94,No,3,BR010,403.12
CUST000830,25/11/2023,Online,412980.29,Refinancer,32154.33,No,9,BR006,462.92
CUST000884,10/11/2023,Referral,154860.33,First-Time Buyer,32252.49,Yes,3,BR006,296.53
CUST000152,10/11/2023,Online,500422.88,Refinancer,20798.51,No,5,BR010,595.68
CUST000595,12/11/2023,Referral,207046.69,First-Time Buyer,20194.58,No,10,BR001,354.89
CUST000890,27/11/2023,Direct,249055.13,Refinancer,33518.38,No,1,BR007,1179.2
CUST000997,23/11/2023,Online,338104.63,First-Time Buyer,10197.27,No,4,BR005,504.44
CUST000333,15/11/2023,Broker,390929.72,First-Time Buyer,25548.34,Yes,1,BR010,2223.2
CUST000121,17/11/2023,Online,227117.69,First-Time Buyer,19993.94,Yes,1,BR003,549.7
CUST000740,18/11/2023,Broker,302952.82,First-Time Buyer,11225.11,Yes,6,BR008,1699.22
CUST000459,15/11/2023,Online,282822.91,Investor,23683.85,No,1,BR002,558.28
CUST000891,02/12/2023,Referral,280608.58,Refinancer,12121.76,No,10,BR002,328.34
CUST000325,24/11/2023,Online,50000,Refinancer,18870.06,No,2,BR003,478.58
CUST000262,10/12/2023,Online,273541.58,First-Time Buyer,12464.83,No,4,BR008,433.92
CUST000584,08/12/2023,Direct,398000.42,First-Time Buyer,15873.2,Yes,8,BR003,1195.49
CUST000640,08/12/2023,Online,400897.92,Refinancer,31602.94,No,7,BR005,450.82
CUST000467,25/11/2023,Direct,292865.83,First-Time Buyer,5000,No,1,BR008,851.62
CUST000562,30/11/2023,Broker,422813.76,Refinancer,30328.58,Yes,7,BR006,1603.1
CUST000400,24/11/2023,Referral,422222.77,Investor,15738.73,Yes,2,BR005,326.62
CUST000837,25/11/2023,Referral,271163.81,Investor,26296.7,No,9,BR006,344.07
CUST000553,12/12/2023,Online,229591.24,First-Time Buyer,24367.15,Yes,4,BR003,516.2
CUST000287,06/12/2023,Broker,313510.81,Refinancer,10780.45,Yes,0,BR006,1991.72
CUST000219,25/11/2023,Online,245390.2,First-Time Buyer,26285.18,No,4,BR008,556.69
CUST000368,04/12/2023,Broker,211260.76,First-Time Buyer,16849.77,No,3,BR008,2377.76
CUST000182,11/12/2023,Online,228156.87,Investor,19918.98,No,6,BR006,490.32
CUST000180,14/12/2023,Online,302068.85,First-Time Buyer,28024.07,No,3,BR002,564.65
CUST000953,05/12/2023,Referral,356512.44,Investor,13374.56,Yes,0,BR001,265.67
CUST000836,05/12/2023,Referral,395915.17,First-Time Buyer,22274.81,No,10,BR004,325
CUST000452,03/12/2023,Referral,397139.31,First-Time Buyer,26386.2,No,0,BR010,334.09
CUST000703,02/12/2023,Direct,88036.05,Investor,20668.48,Yes,4,BR004,1104.32
CUST000989,03/12/2023,Broker,317818.24,First-Time Buyer,40645.51,Yes,8,BR006,2313.96
CUST000885,25/12/2023,Direct,246699.18,First-Time Buyer,27603.65,No,0,BR009,1056.62
CUST000495,07/12/2023,Broker,189441.53,First-Time Buyer,29806.33,No,8,BR004,2151.79
CUST000137,22/12/2023,Broker,347712.43,First-Time Buyer,42213.56,No,10,BR005,2204.96
CUST000449,26/12/2023,Broker,213720.9,Refinancer,5000,No,8,BR008,2377.45
CUST000092,20/12/2023,Online,300266.12,First-Time Buyer,38004.01,Yes,9,BR010,416.61
CUST000380,10/12/2023,Referral,269153.07,Refinancer,23123.3,No,3,BR007,321.96
CUST000148,20/12/2023,Broker,373879.65,First-Time Buyer,17989.32,No,3,BR007,1664.81
CUST000289,20/12/2023,Referral,332043.18,First-Time Buyer,7858.41,No,2,BR001,311.27
CUST000888,30/12/2023,Broker,201049.22,First-Time Buyer,15183.05,No,1,BR006,2335.94
CUST000340,11/12/2023,Broker,98930.61,Refinancer,28764.73,Yes,9,BR001,1882.09
CUST000067,27/12/2023,Broker,242799.76,Refinancer,19688.43,Yes,2,BR006,2277.47
CUST000567,28/12/2023,Online,488547.67,First-Time Buyer,10436.51,No,5,BR003,535.59
CUST000206,19/12/2023,Online,132654.77,First-Time Buyer,42680.61,No,8,BR003,558.29
CUST000535,23/12/2023,Online,92812.05,First-Time Buyer,26281.7,No,10,BR004,444.13
CUST000855,22/12/2023,Online,234002.36,Refinancer,15374.52,Yes,2,BR010,474.84
CUST000806,28/12/2023,Online,236843.09,Refinancer,17079.93,No,4,BR006,468.79
CUST000404,07/01/2024,Online,263472.87,First-Time Buyer,25688.15,No,10,BR001,443.35
CUST000051,07/01/2024,Online,395593.75,Investor,32506.45,No,9,BR004,475.85
CUST000547,20/12/2023,Referral,473376.27,First-Time Buyer,14342.46,No,4,BR002,246.21
CUST000533,16/12/2023,Broker,396497.96,First-Time Buyer,29947.55,Yes,1,BR006,1882.79
CUST000708,09/01/2024,Online,128676.31,Refinancer,25489.45,No,10,BR002,423.35
CUST000607,03/01/2024,Direct,338383.6,First-Time Buyer,32535.5,Yes,4,BR009,1015.15
CUST000811,29/12/2023,Online,214333.94,First-Time Buyer,31442.63,No,0,BR001,456.52
CUST000526,09/01/2024,Online,357830.23,Investor,15594.55,Yes,8,BR003,458.92
CUST000173,06/01/2024,Referral,473192.47,Refinancer,25219.44,Yes,7,BR009,264.27
CUST000263,21/12/2023,Direct,348603.87,Refinancer,30969.78,No,8,BR006,1162.42
CUST000865,30/12/2023,Online,258943.79,Refinancer,5828.89,Yes,1,BR004,507.04
CUST000402,28/12/2023,Online,540622.39,First-Time Buyer,8615.83,No,1,BR001,528.07
CUST000284,31/12/2023,Referral,224947.04,First-Time Buyer,15822.72,Yes,2,BR005,281.95
CUST000587,27/12/2023,Broker,166652.62,First-Time Buyer,18844.59,Yes,6,BR005,1861.62
CUST000505,12/01/2024,Online,325215.55,Refinancer,30094.04,Yes,7,BR005,588.87
CUST000315,30/12/2023,Online,332588.35,Investor,6560.31,Yes,1,BR007,494.37
CUST000796,02/01/2024,Direct,331483.72,First-Time Buyer,5000,No,4,BR010,823.34
CUST000991,14/01/2024,Online,472241.43,First-Time Buyer,20046.33,No,2,BR004,560.17
CUST000690,10/01/2024,Online,300458.01,First-Time Buyer,28266.47,No,0,BR007,452.3
CUST000415,12/01/2024,Direct,285071.47,First-Time Buyer,12565.78,No,9,BR010,891.85
CUST000231,04/01/2024,Online,210907.74,Investor,10541.74,No,7,BR003,491.81
CUST000552,13/01/2024,Online,324020.24,Refinancer,20843.81,No,10,BR004,443.29
CUST000264,12/01/2024,Broker,126157.31,First-Time Buyer,14769.49,No,6,BR005,1949.12
CUST000416,18/01/2024,Direct,117807.95,Investor,14741.18,Yes,6,BR001,1150.01
CUST000899,20/01/2024,Online,263710.18,First-Time Buyer,20190.81,No,0,BR002,542.68
CUST000464,17/01/2024,Broker,353888.11,First-Time Buyer,5000,No,6,BR006,1906.83
CUST000809,06/01/2024,Online,314991.87,First-Time Buyer,27937.16,Yes,7,BR004,425.1
CUST000220,07/01/2024,Broker,312599.89,First-Time Buyer,8563.39,No,2,BR010,2200.44
CUST000904,17/01/2024,Online,246411.99,First-Time Buyer,39748.01,No,1,BR001,415.68
CUST000766,26/01/2024,Referral,252200.35,First-Time Buyer,14073.56,No,4,BR010,278.87
CUST000357,20/01/2024,Broker,418185.93,Investor,13381.02,Yes,10,BR010,2327.34
CUST000210,13/01/2024,Referral,452214.68,First-Time Buyer,24688.46,Yes,7,BR001,340.03
CUST000793,28/01/2024,Broker,223646.27,First-Time Buyer,22722.67,No,4,BR007,2329.42
CUST000849,26/01/2024,Online,173100.85,First-Time Buyer,19359.63,No,5,BR009,562.55
CUST000087,19/01/2024,Broker,304762.1,Investor,5000,No,8,BR009,2078.88
CUST000033,23/01/2024,Broker,50000,First-Time Buyer,14720.35,No,0,BR006,1904.73
CUST000775,15/01/2024,Online,332639.66,Investor,5000,Yes,8,BR008,481.48
CUST000935,01/02/2024,Online,202741.85,Refinancer,32646.57,No,9,BR004,523.71
CUST000387,14/01/2024,Direct,312390.39,Refinancer,13948.77,No,2,BR010,1041.75
CUST000581,16/01/2024,Broker,500290.73,First-Time Buyer,42507.75,No,6,BR003,1926.36
CUST000107,26/01/2024,Online,140461.51,Refinancer,14711.61,No,0,BR001,489.52
CUST000027,31/01/2024,Online,426446.85,Investor,24198.84,No,8,BR010,596.53
CUST000583,26/01/2024,Broker,335195.54,First-Time Buyer,16045.53,Yes,1,BR002,2284.68
CUST000520,31/01/2024,Online,228820.88,Investor,5000,No,2,BR009,478.03
CUST000915,05/02/2024,Direct,196978.47,Investor,13828.21,No,3,BR008,1096.03
CUST000626,23/01/2024,Online,291783.91,First-Time Buyer,9581.87,No,5,BR009,446.38
CUST000951,27/01/2024,Broker,485731.62,First-Time Buyer,27878.96,No,4,BR002,2006.8
CUST000934,25/01/2024,Online,287631.27,First-Time Buyer,24341.29,No,9,BR005,581.9
CUST000859,21/01/2024,Referral,416716.4,Investor,36346.67,Yes,10,BR005,333.81
CUST000234,19/01/2024,Online,275865.72,First-Time Buyer,26143.18,No,2,BR003,505.51
CUST000870,07/02/2024,Online,362266.32,Investor,14257.63,No,2,BR003,561.96
CUST000646,07/02/2024,Online,264182.16,Refinancer,32719.09,No,4,BR006,568.72
CUST000030,23/01/2024,Referral,286876.53,Investor,24807.46,No,10,BR002,297.74
CUST000472,28/01/2024,Broker,315204.93,First-Time Buyer,5000,Yes,5,BR008,1846.07
CUST000286,25/01/2024,Online,410745.69,First-Time Buyer,23285.86,No,9,BR002,463.28
CUST000943,28/01/2024,Online,257307.28,First-Time Buyer,31892.93,Yes,10,BR006,403.41
CUST000001,14/02/2024,Broker,306238.74,First-Time Buyer,28981.05,Yes,8,BR003,1602
CUST000021,13/02/2024,Online,315154.32,Investor,22020.22,No,4,BR003,431.01
CUST000944,25/01/2024,Online,195349.63,First-Time Buyer,17012.3,No,6,BR004,542.15
CUST000668,29/01/2024,Online,455395.89,Investor,36065.74,No,10,BR001,458.49
CUST000198,08/02/2024,Referral,319426.14,Investor,14370.8,No,5,BR007,337.23
CUST000521,15/02/2024,Direct,376215.17,Investor,29057.62,Yes,3,BR006,1036.79
CUST000789,04/02/2024,Online,218359.77,Refinancer,16460.96,Yes,8,BR004,486.66
CUST000696,13/02/2024,Broker,280001.15,First-Time Buyer,6010.25,No,4,BR006,2019.74
CUST000700,31/01/2024,Online,126037.3,Refinancer,19301.9,Yes,2,BR008,587.24
CUST000185,01/02/2024,Online,242863.02,First-Time Buyer,36032.31,No,1,BR008,538.49
CUST000281,02/02/2024,Broker,260017.71,First-Time Buyer,19557.76,Yes,3,BR001,1694.75
CUST000564,01/02/2024,Broker,203635.77,First-Time Buyer,26141.99,No,2,BR006,1729.93
CUST000612,11/02/2024,Broker,235441.95,Refinancer,13269.08,No,6,BR001,1768.17
CUST000348,05/02/2024,Online,314177.84,First-Time Buyer,26721.74,No,5,BR003,421.55
CUST000149,04/02/2024,Referral,342911.69,First-Time Buyer,21030.42,No,9,BR005,254.21
CUST000654,19/02/2024,Referral,417669.7,First-Time Buyer,34197.71,No,1,BR010,268.95
CUST000936,04/02/2024,Direct,303618.39,Refinancer,24298.36,No,3,BR001,1026.33
CUST000483,11/02/2024,Online,379980.63,First-Time Buyer,25963.67,No,10,BR003,594.54
CUST000698,01/03/2024,Online,111029.54,First-Time Buyer,19993.19,Yes,5,BR001,454.6
CUST000539,18/02/2024,Referral,50000,First-Time Buyer,22300.03,No,2,BR004,275.05
CUST000864,25/02/2024,Broker,488963.44,First-Time Buyer,13089.86,Yes,9,BR004,2126.3
CUST000963,08/02/2024,Direct,273721.7,First-Time Buyer,25171.91,No,3,BR004,1188.92
CUST000523,20/02/2024,Online,142570.27,Refinancer,13823.05,No,7,BR003,412.62
CUST000788,22/02/2024,Broker,332149.79,First-Time Buyer,11517.67,No,3,BR004,2253.24
CUST000784,14/02/2024,Broker,412421.88,Investor,26715.58,No,1,BR004,2200.78
CUST000557,02/03/2024,Online,216522.48,Refinancer,13984.98,No,9,BR003,558.49
CUST000328,25/02/2024,Broker,207669.39,Investor,22351.7,Yes,4,BR002,1707.21
CUST000398,11/03/2024,Online,167145.53,Refinancer,23210.27,Yes,10,BR010,437
CUST000694,02/03/2024,Online,331794.78,Refinancer,24720.88,Yes,2,BR003,526.94
CUST000359,02/03/2024,Broker,263284.15,First-Time Buyer,20427.28,No,3,BR007,2388.01
CUST000839,04/03/2024,Broker,343532.98,First-Time Buyer,20947.14,No,7,BR004,1601.91
CUST000035,21/02/2024,Broker,300041.8,First-Time Buyer,17723.07,No,10,BR002,2209.42
CUST000952,11/03/2024,Online,424564.96,First-Time Buyer,17519.05,Yes,9,BR002,535.15
CUST000176,29/02/2024,Referral,434174.95,Investor,19855.07,Yes,0,BR007,338.48
CUST000861,01/03/2024,Broker,101202.43,Refinancer,13092.92,No,7,BR003,1808.12
CUST000395,29/02/2024,Referral,429608.34,Investor,25150.37,No,2,BR006,242.09
CUST000271,16/03/2024,Online,374414.78,First-Time Buyer,22564.62,Yes,7,BR009,547.9
CUST000128,05/03/2024,Online,402971.29,First-Time Buyer,22115.81,No,10,BR006,484.65
CUST000372,02/03/2024,Online,371312.81,Investor,29909.59,No,8,BR008,459.63
CUST000378,29/02/2024,Broker,205139.81,First-Time Buyer,10719.81,No,7,BR003,2021.9
CUST000914,08/03/2024,Referral,403301.57,Investor,18455.58,No,6,BR007,260
CUST000017,12/03/2024,Online,370816.45,First-Time Buyer,15917.93,No,0,BR006,573.76
CUST000524,18/03/2024,Referral,199939.76,Refinancer,27162.79,Yes,5,BR005,301.53
CUST000209,04/03/2024,Online,188654.2,Refinancer,26694.24,No,1,BR009,598.12
CUST000625,22/03/2024,Online,399945.79,First-Time Buyer,23768.85,No,6,BR010,539.11
CUST000172,13/03/2024,Online,289054.54,Investor,19493.41,Yes,1,BR003,526.74
CUST000011,29/03/2024,Broker,386641.76,First-Time Buyer,25413.55,No,10,BR008,2294.64
CUST000692,21/03/2024,Online,368041.11,First-Time Buyer,19634.7,No,6,BR010,592.66
CUST000309,11/03/2024,Broker,199016.99,First-Time Buyer,26694.76,Yes,1,BR008,1653.74
CUST000177,10/03/2024,Online,310533.9,First-Time Buyer,19074.5,No,2,BR005,585.32
CUST000769,01/04/2024,Direct,218156.77,First-Time Buyer,26317.04,Yes,7,BR003,841.34
CUST000375,25/03/2024,Direct,299460.85,Refinancer,15928.11,No,4,BR004,992.21
CUST000657,20/03/2024,Referral,432850.4,First-Time Buyer,26849.04,No,10,BR002,342.65
CUST000282,14/03/2024,Broker,353585.03,Refinancer,35956.94,No,0,BR001,1917.34
CUST000744,02/04/2024,Direct,234062.02,First-Time Buyer,28059.54,Yes,6,BR009,1119.97
CUST000006,15/03/2024,Broker,240512.66,Refinancer,13470.74,Yes,0,BR003,1811.72
CUST000099,02/04/2024,Online,327314.93,First-Time Buyer,19255.39,Yes,5,BR002,585.28
CUST000213,31/03/2024,Online,378211.13,Refinancer,25354.73,No,1,BR007,434.19
CUST000735,16/03/2024,Online,240845.28,First-Time Buyer,25438.3,Yes,3,BR008,424.1
CUST000579,28/03/2024,Online,313732.56,First-Time Buyer,33711.6,No,0,BR010,482.66
CUST000877,17/03/2024,Online,329227.66,Investor,5000,No,7,BR005,411.24
CUST000305,26/03/2024,Direct,323434.32,First-Time Buyer,32186.63,No,4,BR003,1174.46
CUST000129,29/03/2024,Broker,192964.85,First-Time Buyer,7842.93,No,9,BR001,1979.01
CUST000895,31/03/2024,Broker,307812.01,First-Time Buyer,18861.19,No,5,BR001,1721.74
CUST000181,06/04/2024,Referral,132814.34,Investor,45860.58,No,6,BR006,351.29
CUST000241,22/03/2024,Referral,379690.54,First-Time Buyer,15579.63,No,2,BR004,283.67
CUST000370,01/04/2024,Broker,149387.45,First-Time Buyer,26598.28,No,9,BR004,1644.95
CUST000763,05/04/2024,Direct,554346.27,Refinancer,17150.95,No,5,BR004,840.71
CUST000156,27/03/2024,Referral,436240.19,Investor,5000,Yes,10,BR005,295
CUST000879,28/03/2024,Online,326973.07,First-Time Buyer,32649.85,No,5,BR004,541.62
CUST000169,02/04/2024,Broker,415552.96,Investor,18513.79,Yes,4,BR001,1935.98
CUST000345,25/03/2024,Referral,317159.88,First-Time Buyer,24026.35,No,5,BR007,299.28
CUST000316,11/04/2024,Online,462084.02,Investor,10126.89,No,10,BR009,555.92
CUST000194,26/03/2024,Online,267103.17,First-Time Buyer,18306.73,No,0,BR002,544.56
CUST000906,01/04/2024,Broker,422234.91,First-Time Buyer,11032.26,Yes,4,BR006,1805.43
CUST000393,12/04/2024,Online,235518.24,First-Time Buyer,12959.19,No,0,BR007,404.16
CUST000363,31/03/2024,Broker,429418.53,First-Time Buyer,25073.5,No,8,BR002,2218.63
CUST000685,22/04/2024,Referral,410686.36,Refinancer,11543.34,Yes,2,BR007,322.46
CUST000860,14/04/2024,Online,217430.46,Investor,29970.2,Yes,6,BR007,573.09
CUST000389,16/04/2024,Online,99662.63,Investor,25731.99,Yes,5,BR004,588.56
CUST000623,17/04/2024,Online,233248.5,Investor,12251.37,No,3,BR010,554.58
CUST000514,09/04/2024,Online,365622.31,First-Time Buyer,33572.03,No,2,BR008,467.69
CUST000927,23/04/2024,Broker,222315.79,Refinancer,31287.07,No,9,BR001,2017.13
CUST000515,13/04/2024,Referral,353625.35,First-Time Buyer,21297.48,No,2,BR002,271.01
CUST000454,19/04/2024,Referral,244737.21,Investor,9995.87,No,7,BR008,269.73
CUST000863,18/04/2024,Online,219133.85,First-Time Buyer,29442.09,No,6,BR008,552.87
CUST000649,21/04/2024,Online,211831.05,Refinancer,5000,No,1,BR008,538.89
CUST000308,23/04/2024,Online,465817.02,First-Time Buyer,21259.96,No,6,BR010,574.75
CUST000457,06/04/2024,Direct,344697.96,Refinancer,10961.2,Yes,0,BR006,1134.43
CUST000303,19/04/2024,Referral,343982.58,First-Time Buyer,5000,No,3,BR009,257.84
CUST000945,15/04/2024,Referral,382212.2,Refinancer,30936.9,No,8,BR004,343.58
CUST000023,14/04/2024,Direct,270614.64,Investor,24413.14,No,6,BR003,819.84
CUST000134,11/04/2024,Online,293213.38,Investor,5000,Yes,4,BR010,574.9
CUST000898,27/04/2024,Referral,224588.96,First-Time Buyer,8607.95,No,4,BR003,357.01
CUST000630,24/04/2024,Broker,154057.77,First-Time Buyer,19578.11,No,7,BR004,2087.49
CUST000024,27/04/2024,Online,303985.75,Investor,21350.52,No,10,BR007,546.87
CUST000984,30/04/2024,Referral,283645.23,First-Time Buyer,29384.77,Yes,0,BR008,247.89
CUST000970,09/04/2024,Direct,313818.6,First-Time Buyer,8518.85,Yes,8,BR003,812.75
CUST000892,28/04/2024,Online,183772.65,Investor,24902.76,No,0,BR006,506.84
CUST000900,30/04/2024,Online,349888.02,First-Time Buyer,12333.28,No,7,BR005,527.99
CUST000722,14/04/2024,Broker,67781.87,Refinancer,5000,No,4,BR002,2248.85
CUST000636,02/05/2024,Online,329020.12,First-Time Buyer,17761.41,Yes,9,BR008,444.51
CUST000443,19/04/2024,Broker,283428.06,First-Time Buyer,5000,No,9,BR003,2039.57
CUST000105,19/04/2024,Broker,235700.76,Refinancer,7223.09,No,4,BR001,2264.39
CUST000681,14/04/2024,Broker,317694.62,Investor,19612.76,No,7,BR006,1801.74
CUST000490,16/04/2024,Broker,146336.11,First-Time Buyer,26117.2,No,1,BR009,2120.8
CUST000942,03/05/2024,Online,210735.26,First-Time Buyer,20290.95,No,7,BR010,475.35
CUST000689,22/04/2024,Direct,261757.4,First-Time Buyer,22089.54,No,10,BR010,1018.44
CUST000501,29/04/2024,Online,155631.33,Investor,26580.28,No,6,BR003,427.02
CUST000111,01/05/2024,Direct,378008.07,Investor,23710.74,No,4,BR008,889.93
CUST000170,20/04/2024,Broker,320339.53,Refinancer,10267.39,No,3,BR007,1814.32
CUST000981,28/04/2024,Broker,258467.85,First-Time Buyer,12885.39,Yes,1,BR002,2327.53
CUST000469,27/04/2024,Online,314577.75,First-Time Buyer,37859,No,0,BR009,455.42
CUST000283,02/05/2024,Online,266056.03,First-Time Buyer,10839.1,No,1,BR005,487.28
CUST000153,02/05/2024,Online,361175.76,First-Time Buyer,30115.1,Yes,8,BR006,577.57
CUST000175,02/05/2024,Online,337617.76,Investor,24618.19,Yes,9,BR001,420.69
CUST000041,01/05/2024,Online,116138.72,Refinancer,23853.58,Yes,7,BR002,445.95
CUST000828,12/05/2024,Referral,69472.05,First-Time Buyer,25298.38,Yes,0,BR003,292.23
CUST000748,06/05/2024,Direct,179433.27,Investor,22023.9,Yes,2,BR001,1068.87
CUST000122,07/05/2024,Broker,330427.84,Refinancer,18961.23,No,2,BR006,1854.2
CUST000365,23/04/2024,Referral,375599.61,First-Time Buyer,23849.35,No,9,BR006,306.96
CUST000384,03/05/2024,Referral,143319.16,Investor,34353.67,Yes,7,BR006,261.49
CUST000650,28/04/2024,Broker,432348.85,First-Time Buyer,12744.84,No,3,BR008,1697.65
CUST000468,11/05/2024,Broker,385124.58,First-Time Buyer,5000,Yes,7,BR009,1632.31
CUST000484,03/05/2024,Broker,130058.11,First-Time Buyer,27689.41,Yes,0,BR007,2316.37
CUST000818,02/05/2024,Referral,349166.88,Investor,13190.3,No,2,BR004,349.98
CUST000438,03/05/2024,Online,348825.06,Investor,5000,No,5,BR003,444.84
CUST000456,20/05/2024,Broker,419719.1,First-Time Buyer,20345.04,Yes,1,BR006,2147.35
CUST000643,17/05/2024,Online,259791.03,Investor,26212.12,No,3,BR004,478.59
CUST000721,24/05/2024,Direct,200471.13,First-Time Buyer,33373.15,No,6,BR002,870.6
CUST000785,25/05/2024,Online,504863.15,First-Time Buyer,17535.79,No,7,BR006,530.9
CUST000715,09/05/2024,Online,267667.02,First-Time Buyer,6008.22,Yes,10,BR008,525.94
CUST000842,23/05/2024,Online,233643.09,Refinancer,12075.3,No,3,BR008,529.11
CUST000188,13/05/2024,Online,225135.53,Refinancer,9838.12,No,4,BR006,503.2
CUST000497,30/05/2024,Direct,263017.09,First-Time Buyer,21920.29,No,10,BR001,982.44
CUST000104,30/05/2024,Online,401845.35,Investor,8059.58,Yes,0,BR007,581.23
CUST000820,22/05/2024,Online,256707.17,First-Time Buyer,32173.72,No,10,BR010,525.45
CUST000126,15/05/2024,Referral,346126.79,First-Time Buyer,30492.15,No,3,BR002,339.61
CUST000667,21/05/2024,Broker,207742.77,Investor,32221.98,No,6,BR005,1619.94
CUST000227,16/05/2024,Referral,489603.75,First-Time Buyer,18057.79,Yes,2,BR008,281.11
CUST000589,24/05/2024,Referral,250473.3,First-Time Buyer,31914.35,Yes,4,BR001,310.03
CUST000306,25/05/2024,Referral,395442.91,Investor,21220.59,No,8,BR008,318.9
CUST000322,30/05/2024,Broker,280608.15,Refinancer,12826.29,No,3,BR002,1861.34
CUST000015,12/06/2024,Direct,403573.65,First-Time Buyer,11989.07,No,7,BR010,863.94
CUST000975,27/05/2024,Broker,286320.18,Investor,5000,No,5,BR004,1684.01
CUST000132,05/06/2024,Broker,449093.68,Refinancer,8841.56,Yes,2,BR003,2159.01
CUST000437,31/05/2024,Direct,330854.59,Refinancer,30038.75,No,5,BR002,863.45
CUST000867,16/06/2024,Referral,430333.69,First-Time Buyer,32722.67,No,10,BR003,342.27
CUST000343,19/06/2024,Referral,375343.37,Investor,21184.02,No,6,BR009,243.01
CUST000869,13/06/2024,Online,307589.1,Refinancer,22913.25,No,2,BR010,557.04
CUST000752,24/06/2024,Broker,295704.19,First-Time Buyer,12777.81,Yes,2,BR007,1737.72
CUST000961,03/06/2024,Broker,463204.25,First-Time Buyer,5000,No,3,BR010,2042
CUST000352,19/06/2024,Online,473932.31,Refinancer,7859.21,No,7,BR008,496.84
CUST000498,20/06/2024,Online,267206.35,First-Time Buyer,38035.61,No,2,BR001,497.21
CUST000695,16/06/2024,Broker,425656.91,Refinancer,26500.19,No,2,BR005,1974.52
CUST000655,26/06/2024,Online,334466.95,First-Time Buyer,19069.73,Yes,4,BR007,415.87
CUST000112,12/06/2024,Broker,338343.63,Refinancer,15131.19,No,0,BR010,2245.54
CUST000508,15/06/2024,Online,258092.21,Investor,19002.75,No,2,BR004,525.74
CUST000154,29/06/2024,Referral,463804.69,Investor,20127.38,Yes,3,BR001,338.22
CUST000779,10/06/2024,Broker,207577.93,First-Time Buyer,23438.04,No,5,BR002,2040.25
CUST000465,11/06/2024,Online,257928.88,Refinancer,29387.58,No,7,BR009,587.52
CUST000781,24/06/2024,Online,276303.17,Investor,33546.01,No,1,BR003,576.66
CUST000599,12/06/2024,Online,329565.74,Refinancer,5000,No,3,BR006,466.98
CUST000223,18/06/2024,Broker,312651.45,Investor,20467.54,Yes,5,BR010,1761.78
CUST000482,19/06/2024,Online,342117.32,Refinancer,21145.84,No,1,BR008,559.99
CUST000580,24/06/2024,Online,440892.16,Investor,36480.03,No,4,BR001,500.4
CUST000412,23/06/2024,Online,356345.19,Investor,25328.08,No,4,BR010,453.28
CUST000408,19/06/2024,Broker,221583.64,Investor,33972.94,No,1,BR006,2015.72
CUST000313,17/06/2024,Broker,171650.49,First-Time Buyer,26083.43,No,2,BR004,2380.79
CUST000682,01/07/2024,Broker,267781.86,Refinancer,35898.77,No,6,BR008,1769.53
CUST000108,06/07/2024,Referral,96090.45,Investor,15597.24,No,9,BR001,339.74
CUST000916,16/06/2024,Direct,279171.68,First-Time Buyer,15449.53,No,7,BR004,1016.39
CUST000757,20/06/2024,Direct,331916.68,First-Time Buyer,22347.3,No,9,BR007,872.18
CUST000838,22/06/2024,Broker,384579.69,Refinancer,20635.96,Yes,9,BR001,1937.03
CUST000673,30/06/2024,Online,336427.98,Refinancer,39352.47,No,7,BR002,487.59
CUST000962,29/06/2024,Broker,340979.75,Investor,33628.55,No,10,BR001,1698.94
CUST000872,09/07/2024,Online,290053.29,Refinancer,9186.99,No,0,BR008,554.6
CUST000120,26/06/2024,Broker,322894.64,Refinancer,5000,Yes,6,BR008,1973.62
CUST000517,05/07/2024,Direct,217332.23,Refinancer,14751.85,No,3,BR008,1146.53
CUST000396,17/07/2024,Broker,253305.77,First-Time Buyer,13512.66,No,10,BR007,1999.46
CUST000516,03/07/2024,Broker,355282.39,Refinancer,35526.68,No,7,BR008,1789.34
CUST000774,20/07/2024,Referral,205272.49,Investor,17923.23,No,8,BR010,358.92
CUST000100,22/07/2024,Referral,165279.05,First-Time Buyer,26017.37,No,8,BR004,279.23
CUST000777,21/07/2024,Broker,99026.55,Refinancer,13192.23,No,6,BR008,2065.27
CUST000575,22/07/2024,Referral,425947.97,Investor,11161.46,Yes,6,BR004,318.89
CUST000604,23/07/2024,Online,454705.01,First-Time Buyer,26577.17,No,5,BR006,461.76
CUST000323,22/07/2024,Online,512202.6,First-Time Buyer,8336.82,No,8,BR005,569.46
CUST000656,09/07/2024,Online,340445.12,Refinancer,22339.6,No,5,BR006,539.4
CUST000734,20/07/2024,Direct,388230.04,Refinancer,24005.77,Yes,6,BR008,853.18
CUST000950,20/07/2024,Broker,345075.7,Refinancer,22251.04,No,2,BR003,2320.83
CUST000411,14/07/2024,Online,357115.8,First-Time Buyer,39208.74,Yes,9,BR002,584.96
CUST000151,24/07/2024,Online,329104.4,Investor,26408.16,No,9,BR004,512.73
CUST000279,25/07/2024,Referral,277893.45,First-Time Buyer,7715.2,No,1,BR008,329.13
CUST000349,06/07/2024,Referral,335481.34,First-Time Buyer,5000,No,10,BR008,356.26
CUST000638,12/07/2024,Referral,410997.73,First-Time Buyer,5000,No,3,BR002,286.37
CUST000754,17/07/2024,Broker,315781.76,First-Time Buyer,22698.5,Yes,5,BR002,1956.36
CUST000601,22/07/2024,Direct,313520.71,Investor,25007.71,No,2,BR003,1028.38
CUST000005,28/07/2024,Online,160582.56,First-Time Buyer,20627.08,No,9,BR005,495.57
CUST000077,27/07/2024,Broker,199383.31,Refinancer,14433.06,No,8,BR010,1625.85
CUST000995,30/07/2024,Online,272192.43,First-Time Buyer,16279.22,No,6,BR007,555.97
CUST000841,09/08/2024,Online,350185.92,First-Time Buyer,15678.14,No,10,BR001,534.14
CUST000778,04/08/2024,Referral,309439.86,First-Time Buyer,20907.32,No,8,BR006,313.13
CUST000031,08/08/2024,Referral,279991.94,Investor,22566.01,No,3,BR002,256.77
CUST000883,19/07/2024,Direct,211363.82,First-Time Buyer,19628.34,No,9,BR005,1052.48
CUST000810,26/07/2024,Broker,312012.03,Refinancer,14849.05,No,1,BR005,2308.89
CUST000731,03/08/2024,Broker,391086.38,First-Time Buyer,18666.2,Yes,0,BR002,1856.49
CUST000146,11/08/2024,Referral,300571.61,Refinancer,5000,No,2,BR002,334.97
CUST000994,30/07/2024,Online,369759.07,Refinancer,31216.76,Yes,6,BR008,528.61
CUST000165,09/08/2024,Broker,381138.81,Refinancer,32138.28,No,1,BR004,2330.37
CUST000669,08/08/2024,Online,400012.67,Investor,42435.92,No,0,BR001,409.47
CUST000060,20/08/2024,Broker,308777.94,Refinancer,5000,No,0,BR004,1764.4
CUST000486,16/08/2024,Referral,192080.31,First-Time Buyer,25606.8,No,3,BR001,247.22
CUST000782,31/07/2024,Referral,313067.39,Refinancer,7786.29,No,3,BR003,308.91
CUST000201,18/08/2024,Online,296249.92,First-Time Buyer,32712.86,Yes,0,BR004,487.98
CUST000233,05/08/2024,Online,440517.01,Refinancer,33632.33,No,2,BR001,507.51
CUST000250,04/08/2024,Online,285840.7,First-Time Buyer,27634.26,No,6,BR008,455.67
CUST000537,02/08/2024,Broker,250390.74,First-Time Buyer,23881.53,No,0,BR002,2310.68
CUST000563,23/08/2024,Online,179071.22,Refinancer,8608.5,No,10,BR007,459.59
CUST000353,05/08/2024,Broker,165642.85,First-Time Buyer,23175.28,No,3,BR004,2284.78
CUST000243,24/08/2024,Referral,183818.89,Investor,14832.66,No,7,BR009,256.39
CUST000204,28/08/2024,Online,222276.36,Investor,26608.97,No,0,BR005,578.25
CUST000205,08/08/2024,Online,293795.38,First-Time Buyer,21001.93,No,9,BR002,547.02
CUST000964,19/08/2024,Referral,322117.6,First-Time Buyer,46652.88,No,4,BR009,267.72
CUST000440,22/08/2024,Broker,251622.72,First-Time Buyer,9115.68,No,10,BR006,1628.5
CUST000055,23/08/2024,Broker,273738.86,Refinancer,22904.6,No,9,BR008,1829.56
CUST000445,14/08/2024,Referral,297003.49,First-Time Buyer,40383.29,No,7,BR008,296.91
CUST000269,27/08/2024,Online,318512.5,First-Time Buyer,19174.65,No,6,BR002,566.63
CUST000937,02/09/2024,Broker,319069.53,Refinancer,14087.5,No,5,BR007,1866.83
CUST000291,02/09/2024,Broker,106636.3,Refinancer,30311.6,No,3,BR006,2094.13
CUST000768,29/08/2024,Online,327161.89,Refinancer,14793.52,No,1,BR001,420.58
CUST000648,14/08/2024,Broker,506058.12,First-Time Buyer,12537.27,No,7,BR004,1881.53
CUST000492,05/09/2024,Direct,409242.2,First-Time Buyer,26637.02,No,1,BR009,1058.59
CUST000948,27/08/2024,Referral,500019.22,Refinancer,26141.92,No,9,BR003,290.6
CUST000371,19/08/2024,Referral,190324.28,Refinancer,24469.72,Yes,8,BR006,334.35
CUST000238,24/08/2024,Referral,436586.53,Refinancer,28477.98,No,1,BR006,275.07
CUST000758,22/08/2024,Referral,319567.23,First-Time Buyer,35656.9,No,6,BR003,341
CUST000369,10/09/2024,Online,242671.74,Investor,34926.6,No,10,BR004,505.06
CUST000222,22/08/2024,Online,297910.37,First-Time Buyer,17518.66,No,2,BR003,527.22
CUST000442,04/09/2024,Online,315688.11,First-Time Buyer,31443.45,No,10,BR008,563.12
CUST000485,11/09/2024,Online,277958.31,Investor,12382.68,No,4,BR010,421.71
CUST000803,13/09/2024,Direct,169464.15,First-Time Buyer,5000,No,2,BR008,1050.53
CUST000549,13/09/2024,Broker,172083.86,First-Time Buyer,20550.96,No,4,BR005,2076.52
CUST000145,05/09/2024,Broker,228434.63,Refinancer,15378.09,No,1,BR002,1787.52
CUST000203,31/08/2024,Online,357176.71,Investor,9164.85,No,7,BR008,462.04
CUST000062,07/09/2024,Online,291381.27,Investor,6845.82,Yes,4,BR010,409.98
CUST000007,19/09/2024,Broker,277789,Investor,25625.96,No,9,BR006,2390.8
CUST000091,23/09/2024,Broker,266915.19,Investor,11158.59,No,5,BR010,1656.01
CUST000394,19/09/2024,Broker,398249.43,First-Time Buyer,5000,No,9,BR010,1736.04
CUST000462,21/09/2024,Online,333854.3,First-Time Buyer,15831.23,No,3,BR007,410.87
CUST000321,08/09/2024,Referral,366678.53,Refinancer,20418.28,Yes,8,BR006,334.31
CUST000109,29/09/2024,Broker,177094.76,First-Time Buyer,13333.87,No,5,BR006,2184.86
CUST000481,25/09/2024,Broker,424953.07,First-Time Buyer,26280.53,No,5,BR005,1838.15
CUST000559,24/09/2024,Online,250674.71,Refinancer,31202.63,No,0,BR004,535.16
CUST000292,11/09/2024,Online,369675.91,First-Time Buyer,36309.01,No,3,BR001,422.44
CUST000071,23/09/2024,Online,407102.39,Investor,35824.81,No,4,BR007,521.85
CUST000150,18/09/2024,Online,176044.49,First-Time Buyer,29556.29,No,8,BR008,518.94
CUST000047,24/09/2024,Referral,50000,Refinancer,21570.31,No,8,BR002,337.08
CUST000753,16/09/2024,Online,221479.67,First-Time Buyer,15016.07,Yes,3,BR004,466.94
CUST000611,22/09/2024,Online,292148.47,First-Time Buyer,27711.13,Yes,7,BR001,516.02
CUST000528,01/10/2024,Online,275933.75,First-Time Buyer,33008.08,No,2,BR009,422.94
CUST000329,04/10/2024,Online,201324.48,Refinancer,5000,No,9,BR001,508.84
CUST000218,03/10/2024,Online,244299.89,Investor,31228.92,No,4,BR007,473.31
CUST000880,19/09/2024,Online,291267.06,First-Time Buyer,29716.67,Yes,9,BR010,472.47
CUST000428,21/09/2024,Referral,86976.64,First-Time Buyer,25091.41,No,8,BR006,251.22
CUST000893,28/09/2024,Referral,224390.91,First-Time Buyer,13385.72,Yes,9,BR005,287.59
CUST000545,07/10/2024,Broker,211628.96,Refinancer,18788.51,Yes,7,BR008,1848.2
CUST000155,22/09/2024,Broker,404306.14,First-Time Buyer,7095.14,No,8,BR005,2070.29
CUST000939,04/10/2024,Online,234431.25,First-Time Buyer,13382,No,8,BR006,477.65
CUST000496,27/09/2024,Online,386694.62,Investor,24672.05,No,6,BR004,466.7
CUST000662,30/09/2024,Online,356248.42,First-Time Buyer,21217.59,Yes,3,BR010,477.07
CUST000307,06/10/2024,Online,151442.39,Investor,13377.99,No,10,BR004,409.06
CUST000138,24/09/2024,Referral,260165.7,First-Time Buyer,21770.75,No,2,BR001,258.41
CUST000924,11/10/2024,Online,353036.91,Investor,14280.52,No,10,BR005,586.49
CUST000733,25/09/2024,Direct,171530.63,Refinancer,37960.68,No,10,BR010,1073.64
CUST000252,26/09/2024,Online,378814.35,Refinancer,5088.15,No,2,BR009,552.32
CUST000518,15/10/2024,Direct,377010.36,Investor,9029.3,No,7,BR001,942.64
CUST000631,15/10/2024,Referral,98737.81,Investor,20488.73,No,2,BR009,317.78
CUST000972,06/10/2024,Broker,659946.68,First-Time Buyer,45262.64,Yes,5,BR004,1933.39
CUST000247,11/10/2024,Broker,268600.49,Refinancer,14649.63,No,9,BR008,1799.54
CUST000905,21/10/2024,Online,381340.71,First-Time Buyer,27388.9,No,2,BR001,531.63
CUST000114,07/10/2024,Online,228834.04,Refinancer,34182.08,No,9,BR007,569.46
CUST000480,15/10/2024,Online,115542.38,First-Time Buyer,30477.6,No,6,BR007,573.63
CUST000765,14/10/2024,Online,313062.74,Investor,21284.81,No,5,BR004,519.5
CUST000723,16/10/2024,Referral,367080.85,Refinancer,26323.95,No,0,BR006,338.93
CUST000016,18/10/2024,Online,233884.33,Refinancer,26334.66,Yes,0,BR001,497.9
CUST000609,23/10/2024,Online,176470.67,Investor,14898.16,No,9,BR004,414.21
CUST000298,11/10/2024,Online,214969.92,Investor,5000,No,6,BR005,569.34
CUST000383,10/10/2024,Broker,488599.03,Refinancer,9726.84,No,6,BR003,2187.74
CUST000246,14/10/2024,Broker,124650.86,Refinancer,35594.06,No,0,BR010,1689.8
CUST000747,29/10/2024,Broker,189550.46,First-Time Buyer,21669.67,Yes,2,BR003,2371.35
CUST000448,27/10/2024,Broker,206413.98,First-Time Buyer,33352.86,No,6,BR010,2125.23
CUST000143,12/10/2024,Referral,352121.46,Refinancer,14249.12,No,1,BR005,297.95
CUST000619,17/10/2024,Online,283819.02,First-Time Buyer,55556.17,Yes,5,BR007,467.26
CUST000451,24/10/2024,Broker,285476.07,Investor,30237.66,No,4,BR008,1862.24
CUST000800,03/11/2024,Direct,220301.07,Investor,25195.15,No,7,BR008,1187.72
CUST000436,01/11/2024,Online,322008.23,First-Time Buyer,22431.4,Yes,9,BR008,468.11
CUST000458,19/10/2024,Online,366558.49,First-Time Buyer,16819.74,No,4,BR004,430.9
CUST000821,22/10/2024,Referral,254363.76,First-Time Buyer,15667.19,No,2,BR004,351.66
CUST000531,24/10/2024,Broker,471733.11,Refinancer,14036.2,Yes,2,BR008,1841.39
CUST000756,04/11/2024,Broker,291586.88,First-Time Buyer,28784.35,No,9,BR005,1812.75
CUST000275,18/10/2024,Referral,363171.8,First-Time Buyer,6235.37,Yes,1,BR001,310.22
CUST000409,21/10/2024,Referral,196184.19,First-Time Buyer,16931.82,Yes,8,BR003,329.68
CUST000144,01/11/2024,Referral,418664.75,First-Time Buyer,31155.12,Yes,3,BR009,338.52
CUST000447,26/10/2024,Broker,344610.64,Refinancer,25766.9,No,1,BR005,2229.67
CUST000787,11/11/2024,Broker,204744.39,First-Time Buyer,5000,Yes,2,BR005,1831.5
CUST000913,27/10/2024,Online,252939.78,First-Time Buyer,5000,Yes,2,BR002,403.35
CUST000046,04/11/2024,Direct,211820.09,First-Time Buyer,5000,Yes,4,BR010,1076.19
CUST000745,24/10/2024,Direct,343319.03,First-Time Buyer,14953.05,No,10,BR010,826.07
CUST000908,24/10/2024,Referral,278341.52,Investor,24741.83,No,5,BR008,318.96
CUST000374,27/10/2024,Referral,382648.09,First-Time Buyer,20185.34,Yes,5,BR005,353.9
CUST000666,30/10/2024,Online,168038.17,First-Time Buyer,24488.2,No,4,BR009,510.38
CUST000045,27/10/2024,Online,372462.31,Refinancer,11909.41,No,8,BR006,405.29
CUST000446,09/11/2024,Broker,282423.44,Refinancer,14666.99,No,8,BR001,2242.82
CUST000123,05/11/2024,Online,412428.54,Investor,27001.69,No,5,BR001,402.39
CUST000249,09/11/2024,Broker,272436.12,First-Time Buyer,13843.12,Yes,2,BR006,2337.54
CUST000813,31/10/2024,Direct,129235.06,Refinancer,28533.93,No,4,BR002,851.5
CUST000565,31/10/2024,Online,166745.42,First-Time Buyer,8941.66,No,9,BR001,575.86
CUST000476,21/11/2024,Broker,572735.97,First-Time Buyer,24629.62,Yes,1,BR009,1682.36
CUST000933,08/11/2024,Online,312718.89,First-Time Buyer,17643.1,No,3,BR007,584.36
CUST000419,19/11/2024,Referral,144592.4,Refinancer,9992.61,Yes,3,BR010,312.67
CUST000032,29/10/2024,Broker,240749.81,Refinancer,40132.95,No,2,BR007,1879.36
CUST000577,30/10/2024,Broker,289421.21,Refinancer,15667.97,No,5,BR010,1681.26
CUST000509,09/11/2024,Online,303933.91,Investor,22191.55,No,6,BR008,457.21
CUST000846,06/11/2024,Referral,354032.23,Refinancer,7241.24,Yes,2,BR003,343.42
CUST000532,14/11/2024,Online,460928.25,Investor,5455.5,No,9,BR010,559.29
CUST000707,04/11/2024,Online,249758.02,Refinancer,11947.01,No,5,BR010,496.12
CUST000954,21/11/2024,Online,268927.32,Refinancer,5000,No,10,BR009,413.85
CUST000163,27/11/2024,Broker,488538.23,First-Time Buyer,5000,No,4,BR004,1987.66
CUST000493,12/11/2024,Online,126494.64,First-Time Buyer,10212.31,No,3,BR001,410.86
CUST000162,30/11/2024,Direct,247899.81,Refinancer,17914.57,No,2,BR006,853.53
CUST000012,12/11/2024,Online,223066.54,Investor,16975.1,No,7,BR006,545.74
CUST000854,17/11/2024,Broker,462587.53,First-Time Buyer,19703.25,No,3,BR008,1858.49
CUST000554,22/11/2024,Online,237420.93,Refinancer,9167.66,No,5,BR004,496.65
CUST000432,15/11/2024,Referral,219842.61,First-Time Buyer,13847.7,No,2,BR006,347.34
CUST000799,30/11/2024,Online,259590.07,First-Time Buyer,29753.94,No,10,BR004,487.82
CUST000226,02/12/2024,Broker,192608.28,First-Time Buyer,9667.94,Yes,1,BR008,1672.52
CUST000544,12/11/2024,Online,207115.4,Refinancer,5000,Yes,4,BR008,538.98
CUST000253,25/11/2024,Broker,193653.66,Refinancer,22680.32,Yes,7,BR010,2240.41
CUST000270,24/11/2024,Referral,154937.83,First-Time Buyer,19327.02,No,10,BR009,340.93
CUST000119,26/11/2024,Direct,334921.68,Refinancer,7576.9,No,6,BR002,983.32
CUST000889,18/11/2024,Broker,51142.35,Refinancer,9353.67,No,1,BR001,2334.8
CUST000082,03/12/2024,Online,214448.08,Refinancer,29817.25,No,5,BR004,591.66
CUST000606,15/11/2024,Broker,203479.81,Investor,5000,No,0,BR003,2242.32
CUST000304,24/11/2024,Direct,124959.23,Refinancer,6792.06,No,9,BR007,956.77
CUST000556,28/11/2024,Online,414117.12,Refinancer,5000,No,0,BR005,521.04
CUST000043,20/11/2024,Online,188332.59,First-Time Buyer,15949.07,Yes,5,BR004,486.26
CUST000550,10/12/2024,Online,239413.16,Investor,27125.04,Yes,2,BR005,571.5
CUST000771,01/12/2024,Broker,404692.27,First-Time Buyer,32462.07,Yes,10,BR001,2245.99
CUST000211,25/11/2024,Broker,403058.77,First-Time Buyer,24418.01,No,1,BR009,2079.76
CUST000183,27/11/2024,Online,221324.49,First-Time Buyer,16909.42,Yes,1,BR005,443.4
CUST000324,22/11/2024,Broker,303984.23,First-Time Buyer,19890.04,No,10,BR002,1823.99
CUST000990,11/12/2024,Broker,184653.2,Refinancer,20765.05,No,7,BR007,1644.69
CUST000772,27/11/2024,Direct,169627.54,Investor,26522.95,No,1,BR010,1174.9
CUST000355,12/12/2024,Online,324224.7,Investor,27852.31,No,7,BR002,438.64
CUST000002,02/12/2024,Broker,479510.84,First-Time Buyer,32082.47,No,3,BR004,1960.41
CUST000578,06/12/2024,Broker,463092.31,First-Time Buyer,5000,No,6,BR007,2332.73
CUST000570,15/12/2024,Online,220455.28,Investor,25089.09,No,1,BR002,467.47
CUST000207,05/12/2024,Broker,319042.54,First-Time Buyer,28021.65,Yes,1,BR001,1943.22
CUST000912,14/12/2024,Broker,184178.57,First-Time Buyer,27011.09,No,9,BR001,2361.98
CUST000300,14/12/2024,Broker,411733.55,Refinancer,6811.43,No,4,BR007,2263.01
CUST000248,05/12/2024,Referral,331437.35,First-Time Buyer,23276.55,No,1,BR007,350.04
CUST000627,23/12/2024,Online,190336.25,Investor,11665.15,No,9,BR003,405.05
CUST000319,02/12/2024,Online,320952.92,Refinancer,20519.3,No,10,BR010,471.98
CUST000320,10/12/2024,Broker,306038.31,Investor,6406.76,No,10,BR009,1992.77
CUST000647,15/12/2024,Referral,310395.97,Investor,28286.39,Yes,1,BR008,315.87
CUST000538,10/12/2024,Online,388046.64,Investor,21672.99,No,3,BR010,589.64
CUST000925,10/12/2024,Online,398802.17,First-Time Buyer,28395.77,Yes,3,BR001,568.98
CUST000941,08/12/2024,Broker,195104.63,Refinancer,7481.57,Yes,0,BR009,2026.49
CUST000527,16/12/2024,Referral,213593,Investor,5000,No,5,BR007,252.39
CUST000919,23/12/2024,Referral,409643.46,First-Time Buyer,8459.6,No,7,BR006,289.14
CUST000444,05/12/2024,Online,299134.53,Refinancer,27858.59,Yes,3,BR006,510.68
CUST000987,19/12/2024,Broker,353148.24,First-Time Buyer,14014.13,Yes,2,BR007,2248.29
CUST000817,30/12/2024,Online,275522.01,First-Time Buyer,17961.65,No,1,BR005,458.47
CUST000574,29/12/2024,Online,513177.01,Refinancer,5000,No,9,BR007,510.83
CUST000029,29/12/2024,Broker,250777.45,Investor,22608.26,No,7,BR002,2267.6
CUST000130,21/12/2024,Direct,391385.01,Investor,19578.72,No,8,BR005,1116.89
CUST000187,15/12/2024,Broker,262207.66,First-Time Buyer,38095.61,No,8,BR002,2079.48
CUST000020,19/12/2024,Online,380015.8,Investor,31147.15,No,8,BR010,438.26
CUST000897,04/01/2025,Broker,264431.78,Refinancer,17407.76,Yes,9,BR008,2330.55
CUST000386,23/12/2024,Broker,307183.29,Refinancer,12884.89,No,4,BR009,1789.86
CUST000868,20/12/2024,Broker,311032.14,Refinancer,18089.38,Yes,5,BR003,1864.22
CUST000617,02/01/2025,Broker,379197.89,Refinancer,18055.2,No,3,BR004,1960.55
CUST000255,25/12/2024,Broker,279266.12,First-Time Buyer,14459.32,No,9,BR006,1931.61
CUST000974,28/12/2024,Referral,279092.01,First-Time Buyer,10643.44,No,3,BR010,307.72
CUST000819,05/01/2025,Online,50000,First-Time Buyer,31027.59,No,6,BR008,566.97
CUST000716,07/01/2025,Online,301444.79,Investor,13416.27,No,8,BR007,427.58
CUST000004,03/01/2025,Direct,299771.91,Refinancer,18174.81,No,1,BR004,1027.08
CUST000555,13/01/2025,Online,201843.2,Investor,22739.13,No,8,BR010,499.13
CUST000159,17/01/2025,Online,325551.78,Investor,17992.59,Yes,4,BR010,453.74
CUST000571,06/01/2025,Online,293838.2,First-Time Buyer,19813.65,No,9,BR003,558.76
CUST000260,07/01/2025,Referral,343830.37,Investor,16827.9,No,5,BR008,342.96
CUST000969,08/01/2025,Broker,565700.38,Investor,20423.12,No,0,BR010,1702.77
CUST000350,31/12/2024,Broker,501553.03,Investor,6340.2,No,2,BR006,2160.68
CUST000720,17/01/2025,Broker,402387.47,Investor,5000,No,6,BR010,2366.65
CUST000513,04/01/2025,Broker,314700.2,First-Time Buyer,20849.29,No,8,BR008,2241.42
CUST000560,10/01/2025,Online,139404.28,First-Time Buyer,24727.52,Yes,5,BR009,524.48
CUST000992,26/01/2025,Broker,319963.8,Investor,28820.27,No,1,BR005,2327.79
CUST000373,05/01/2025,Online,460016.36,First-Time Buyer,38045.45,Yes,4,BR005,414.36
CUST000671,26/01/2025,Referral,329925.2,First-Time Buyer,44694.07,No,4,BR006,240.15
CUST001000,12/01/2025,Online,306450.36,First-Time Buyer,8259.58,Yes,3,BR007,475.57
CUST000147,26/01/2025,Online,320506.84,Refinancer,5000,No,3,BR001,451.34
CUST000133,22/01/2025,Direct,358820.64,First-Time Buyer,37094.52,No,5,BR002,1004.99
CUST000983,26/01/2025,Online,279553.9,First-Time Buyer,20538.87,No,2,BR009,511.08
CUST000706,27/01/2025,Broker,297283.51,First-Time Buyer,10392.71,Yes,10,BR001,1731.91
CUST000506,30/01/2025,Direct,426101.4,First-Time Buyer,23564.88,Yes,2,BR005,1062
CUST000826,24/01/2025,Online,304544.27,Investor,29422.54,No,3,BR007,533.77
CUST000894,17/01/2025,Online,386728.34,First-Time Buyer,15227.76,No,1,BR004,539.11
CUST000760,15/01/2025,Broker,559751.71,Refinancer,9147.32,No,1,BR010,1606.73
CUST000628,15/01/2025,Online,479394.93,First-Time Buyer,16399.43,No,7,BR004,428
CUST000622,04/02/2025,Broker,260368.17,First-Time Buyer,16544.79,No,8,BR003,1619.78
CUST000166,02/02/2025,Direct,437867.14,First-Time Buyer,26847.97,No,8,BR009,1086.91
CUST000288,26/01/2025,Online,272378.2,Investor,12852.68,No,5,BR005,443.98
CUST000215,29/01/2025,Direct,259952.05,Investor,30603.28,No,6,BR007,853.46
CUST000542,30/01/2025,Broker,411842.99,First-Time Buyer,31720.86,No,7,BR007,2344.26
CUST000009,28/01/2025,Online,305354.06,Investor,9269.22,Yes,9,BR010,491.78
CUST000116,27/01/2025,Online,283400.16,Investor,15605.32,Yes,5,BR006,460.29
CUST000417,31/01/2025,Broker,212817.22,Refinancer,30213.83,Yes,1,BR001,1793.59
CUST000902,06/02/2025,Broker,465017.03,Refinancer,17400.55,Yes,8,BR004,1852.05
CUST000876,22/01/2025,Referral,478200.46,Investor,20372.44,No,9,BR008,352.14
CUST000732,04/02/2025,Referral,251572.7,Investor,18925.51,No,2,BR005,284.6
CUST000178,13/02/2025,Online,330235.87,First-Time Buyer,20299.9,No,4,BR008,547.41
CUST000798,07/02/2025,Broker,203254.45,First-Time Buyer,17944.99,No,9,BR003,2276.9
CUST000804,10/02/2025,Broker,288471.58,First-Time Buyer,5000,Yes,0,BR009,2153.47
CUST000959,09/02/2025,Online,335074.77,Refinancer,18768.9,Yes,7,BR003,490.24
CUST000197,20/02/2025,Broker,211075.63,Investor,5000,Yes,2,BR003,2237.04
CUST000573,24/02/2025,Online,314290.94,First-Time Buyer,22758.12,No,7,BR003,494.14
CUST000603,06/02/2025,Referral,183348.77,First-Time Buyer,18079.54,Yes,7,BR005,242.21
CUST000488,19/02/2025,Broker,414455.03,First-Time Buyer,28020.33,No,1,BR010,1978.97
CUST000274,17/02/2025,Referral,296482.26,First-Time Buyer,21684.09,No,2,BR007,300.88
CUST000098,28/02/2025,Online,170836.53,First-Time Buyer,13711.44,Yes,9,BR005,521.67
CUST000361,27/02/2025,Online,425386.69,Refinancer,10854.11,No,3,BR004,593.78
CUST000008,27/02/2025,Referral,262534.6,Refinancer,5000,No,3,BR008,346.26
CUST000003,27/02/2025,Online,200235.81,Investor,21054.21,Yes,3,BR003,451.23
CUST000862,21/02/2025,Online,109667.95,First-Time Buyer,21651.95,No,9,BR009,546.91
CUST000196,18/02/2025,Online,212878.9,Investor,28069.34,Yes,3,BR006,545.17
CUST000401,16/02/2025,Broker,351849.28,Investor,13660.72,No,2,BR006,2201.25
CUST000102,25/02/2025,Broker,275009.69,Investor,14915.88,Yes,7,BR007,2268.44
CUST000278,02/03/2025,Online,390368.56,First-Time Buyer,15645.73,No,1,BR009,419.19
CUST000344,19/02/2025,Online,242862.84,Refinancer,28201.65,No,9,BR002,590.19
CUST000791,24/02/2025,Referral,409411.75,Refinancer,32595.81,No,0,BR002,333.41
CUST000634,17/02/2025,Online,403095.66,First-Time Buyer,14564.33,No,6,BR001,595.1
CUST000918,21/02/2025,Broker,207728.53,Investor,31385.04,No,6,BR002,2009.95
CUST000212,28/02/2025,Referral,400303.9,Refinancer,17337.07,No,9,BR002,353.84
CUST000633,27/02/2025,Online,278258.36,First-Time Buyer,16037.89,Yes,5,BR010,469.43
CUST000845,19/02/2025,Direct,389991.19,First-Time Buyer,27064.06,No,10,BR006,1013.59
CUST000297,18/02/2025,Online,379876.87,First-Time Buyer,15826.62,No,10,BR008,407.08
CUST000439,01/03/2025,Broker,307812.75,First-Time Buyer,28285.55,No,3,BR007,2236.32
CUST000312,07/03/2025,Online,306951.56,Investor,9751.62,Yes,1,BR008,570.37
CUST000805,10/03/2025,Broker,256379.78,Refinancer,5000,No,3,BR001,2026.46
CUST000431,27/02/2025,Broker,347569.6,Investor,41179.24,No,6,BR003,1624.6
CUST000719,13/03/2025,Broker,319441.02,First-Time Buyer,10348.89,No,7,BR006,2067.72
CUST000441,07/03/2025,Online,412965.45,First-Time Buyer,21923.31,Yes,5,BR001,582.98
CUST000430,11/03/2025,Direct,268433.88,First-Time Buyer,39701.38,Yes,5,BR007,1192.83
CUST000261,01/03/2025,Broker,309031.67,Investor,29241.97,No,3,BR007,1672.41
CUST000236,02/03/2025,Referral,364429.15,Investor,19658.77,No,3,BR003,248.28
CUST000946,10/03/2025,Referral,188396.72,First-Time Buyer,50934.3,No,10,BR010,339.52
CUST000678,04/03/2025,Broker,257257.71,First-Time Buyer,20867.19,No,9,BR003,1784.86
CUST000337,14/03/2025,Online,330269.8,Investor,38687.45,No,3,BR006,428
CUST000059,11/03/2025,Referral,162021.76,Refinancer,14997.21,No,4,BR003,352.48
CUST000588,18/03/2025,Broker,215158.33,Refinancer,32692.33,No,8,BR006,1781.62
CUST000608,03/03/2025,Online,390149.88,Refinancer,37063.31,No,2,BR002,401.75
CUST000244,24/03/2025,Broker,127049.76,First-Time Buyer,7114.76,No,0,BR010,1645.57
CUST000335,08/03/2025,Online,57574.97,Investor,15542.1,No,2,BR010,584.55
CUST000651,16/03/2025,Online,268274.04,Investor,25435.34,No,4,BR008,590.29
CUST000164,21/03/2025,Broker,207198.7,First-Time Buyer,36173.71,No,4,BR001,2350.09
CUST000618,23/03/2025,Direct,134461.36,Refinancer,32916.78,No,10,BR003,939.16
CUST000600,08/03/2025,Referral,272347.35,First-Time Buyer,23249.85,No,6,BR003,328.99
CUST000802,11/03/2025,Online,111162.75,First-Time Buyer,14192,No,1,BR002,535.3
CUST000435,28/03/2025,Broker,393248.39,Refinancer,12149.55,No,2,BR010,2291.84
CUST000068,01/04/2025,Referral,499067.6,First-Time Buyer,10159.82,No,6,BR002,254.67
CUST000967,24/03/2025,Online,289493.93,First-Time Buyer,5000,No,6,BR010,432.06
CUST000525,14/03/2025,Broker,281836.31,First-Time Buyer,21191.21,No,6,BR003,1986.24
CUST000827,16/03/2025,Broker,453236.53,First-Time Buyer,11673.96,Yes,0,BR006,2084.32
CUST000737,20/03/2025,Online,510004.82,Refinancer,26286.11,Yes,10,BR004,571.52
CUST000414,01/04/2025,Online,236190.85,Refinancer,35590.49,No,3,BR010,554.63
CUST000290,18/03/2025,Online,308403.92,First-Time Buyer,20772.73,No,2,BR008,578.18
CUST000106,01/04/2025,Online,278731.68,First-Time Buyer,29880.29,No,9,BR001,510.26
CUST000653,16/03/2025,Broker,249427.4,First-Time Buyer,23300.68,No,5,BR009,1784.77
CUST000932,19/03/2025,Referral,217878.14,First-Time Buyer,30348.1,No,8,BR007,312.69
CUST000405,31/03/2025,Broker,584088.64,Refinancer,33978.26,Yes,3,BR003,2260.82
CUST000816,22/03/2025,Broker,435432.99,First-Time Buyer,36526.15,No,1,BR001,1600.68
CUST000851,25/03/2025,Broker,236770.91,Refinancer,11210.93,No,0,BR010,2360.94
CUST000926,04/04/2025,Online,403947.88,First-Time Buyer,19415.71,No,4,BR008,490.98
CUST000635,11/04/2025,Online,361108.46,Refinancer,6612.26,No,8,BR001,533.48
CUST000117,10/04/2025,Online,277094.64,Refinancer,26410.6,No,10,BR008,421.78
CUST000642,31/03/2025,Broker,378156.56,Investor,23734.33,No,5,BR006,1619.51
CUST000054,26/03/2025,Online,179358.7,Investor,22475.22,Yes,0,BR007,535.09
CUST000050,08/04/2025,Online,255373.75,Investor,21754.84,No,9,BR004,585.17
CUST000780,11/04/2025,Online,400540.28,Refinancer,18164.88,No,0,BR007,572.13
CUST000070,25/03/2025,Direct,430298.55,First-Time Buyer,38934.75,Yes,0,BR009,914.26
CUST000597,03/04/2025,Online,329894.28,Investor,29879.1,No,3,BR005,569.87
CUST000794,29/03/2025,Direct,272522.1,First-Time Buyer,22056.09,Yes,6,BR002,885.73
CUST000089,06/04/2025,Referral,323528,Refinancer,10010.73,No,10,BR002,299.88
CUST000088,29/03/2025,Broker,282637.81,Refinancer,28669.87,No,10,BR009,2240.22
CUST000530,01/04/2025,Online,398203.29,Refinancer,40557.21,No,10,BR002,431.88
CUST000833,17/04/2025,Broker,223883.68,First-Time Buyer,19345.86,No,10,BR006,1778.07
CUST000487,28/03/2025,Online,516310.09,First-Time Buyer,14469.64,Yes,2,BR008,441.51
CUST000566,31/03/2025,Online,290938.84,Investor,12267.94,No,5,BR010,524.15
CUST000709,11/04/2025,Referral,221701.08,First-Time Buyer,36673.85,Yes,4,BR004,293.62
CUST000909,16/04/2025,Online,449347.42,First-Time Buyer,20434.76,Yes,6,BR010,498.28
CUST000746,10/04/2025,Online,248568.99,First-Time Buyer,21277.35,No,6,BR002,502.91
CUST000158,30/03/2025,Online,352184.51,Investor,5000,No,5,BR009,495.41
CUST000460,16/04/2025,Broker,399303.99,Investor,5000,No,9,BR005,2027.02
CUST000871,09/04/2025,Broker,328896.98,Refinancer,7321.01,Yes,5,BR004,1919.5
CUST000079,10/04/2025,Online,214745.78,First-Time Buyer,30391.1,No,4,BR005,430.47
CUST000858,25/04/2025,Referral,423957.76,Investor,14353.08,Yes,6,BR007,359.85
CUST000661,13/04/2025,Direct,387708.21,Refinancer,20369.68,No,4,BR002,1008.57
CUST000382,08/04/2025,Broker,161861.51,First-Time Buyer,16250.25,Yes,8,BR006,1714.26
CUST000917,29/04/2025,Broker,329258.49,Refinancer,18971.25,No,8,BR001,1899.91
CUST000874,15/04/2025,Broker,307848.89,Investor,28499.94,No,4,BR005,2266.58
CUST000356,24/04/2025,Online,107889.92,Refinancer,5000,No,9,BR002,428.35
CUST000240,23/04/2025,Direct,326183.9,Refinancer,13458.36,No,1,BR004,882.26
CUST000641,21/04/2025,Online,253646.84,Refinancer,26483.06,No,0,BR002,507.93
CUST000620,20/04/2025,Online,301231.12,First-Time Buyer,22470.85,Yes,8,BR007,506.28
CUST000986,23/04/2025,Online,509564.82,Investor,10750.14,Yes,7,BR008,567.88
CUST000491,22/04/2025,Broker,319405.51,Refinancer,15662.05,No,3,BR010,1760.55
CUST000823,08/05/2025,Referral,339293.35,First-Time Buyer,21369.07,No,5,BR010,281.31
CUST000503,07/05/2025,Online,446248.57,First-Time Buyer,36571.02,Yes,3,BR005,578.09
CUST000199,07/05/2025,Online,228058.4,Investor,32546.36,No,1,BR001,548.29
CUST000568,29/04/2025,Broker,286730.58,First-Time Buyer,21389.59,No,3,BR004,1956.07
CUST000064,01/05/2025,Referral,271272.75,Refinancer,7463.11,No,8,BR010,268.29
CUST000812,23/04/2025,Direct,226300.77,First-Time Buyer,10689.29,No,1,BR010,826.31
CUST000420,28/04/2025,Broker,445526.05,First-Time Buyer,34709.91,No,3,BR008,2052.58
CUST000840,04/05/2025,Referral,220620.75,First-Time Buyer,15015.06,Yes,5,BR004,289.52
CUST000659,02/05/2025,Referral,194824.96,Investor,12269.51,Yes,8,BR010,310.42
CUST000688,04/05/2025,Online,145212.65,First-Time Buyer,37556.12,No,9,BR008,464.22
CUST000245,27/04/2025,Referral,294244.61,Refinancer,14639.82,No,8,BR001,332.34
CUST000418,09/05/2025,Referral,435643.37,First-Time Buyer,33617.07,No,6,BR005,290.67
CUST000881,30/04/2025,Broker,351425.71,First-Time Buyer,19708.69,No,9,BR005,2127.06
CUST000040,14/05/2025,Direct,199435.4,First-Time Buyer,19735.97,No,7,BR001,1033.06
CUST000174,06/05/2025,Direct,88299.19,First-Time Buyer,18788.77,No,0,BR003,918.88
CUST000572,14/05/2025,Referral,422905.03,Refinancer,5000,Yes,9,BR008,281.07
CUST000254,12/05/2025,Online,89709.83,Refinancer,5000,No,8,BR010,434.1
CUST000058,11/05/2025,Online,402614.2,First-Time Buyer,18478.6,Yes,4,BR004,524.24
CUST000714,26/05/2025,Broker,291422.35,Refinancer,30186.91,No,0,BR009,1786.45
CUST000815,18/05/2025,Referral,378574.13,Refinancer,8228.88,Yes,8,BR009,344.16
CUST000684,22/05/2025,Referral,166000.89,Investor,29410.21,No,7,BR006,326.54
CUST000473,25/05/2025,Referral,304239.5,Investor,21700.47,Yes,5,BR010,267.31
CUST000385,25/05/2025,Broker,181185.16,Refinancer,16573.73,No,2,BR007,2323.27
CUST000191,15/05/2025,Online,382501.86,First-Time Buyer,15580.44,No,4,BR009,524.48
CUST000616,10/05/2025,Referral,237335.57,Investor,12033.79,No,9,BR006,249.52
CUST000717,20/05/2025,Online,364420.26,First-Time Buyer,29420.19,No,4,BR005,512.3
CUST000354,10/05/2025,Direct,265280.27,First-Time Buyer,17038.12,No,9,BR005,1054.06
CUST000014,14/05/2025,Direct,379409.64,Investor,28033.1,Yes,10,BR009,862.61
CUST000602,01/06/2025,Direct,403356.4,Refinancer,11570.62,No,9,BR003,995.95
CUST000729,24/05/2025,Online,292224.31,First-Time Buyer,25670.69,Yes,2,BR006,541.63
CUST000644,13/05/2025,Broker,189493.27,First-Time Buyer,14262.96,Yes,4,BR009,1910.55
CUST000751,26/05/2025,Online,450170.4,First-Time Buyer,21345.89,No,1,BR004,402.39
CUST000504,14/05/2025,Broker,317958.25,Refinancer,15823.31,No,4,BR009,1907.77
CUST000705,18/05/2025,Broker,266977.69,First-Time Buyer,16527.09,No,2,BR006,2169.6
CUST000390,31/05/2025,Broker,384848.93,First-Time Buyer,14981.45,No,10,BR007,2007.02
CUST000596,01/06/2025,Broker,307230.24,Refinancer,7913.94,Yes,1,BR001,1728.84
CUST000988,24/05/2025,Online,191721.51,Refinancer,14155.15,Yes,6,BR002,586.91
CUST000232,14/06/2025,Online,371925.1,First-Time Buyer,12275.76,Yes,2,BR001,475.27
CUST000242,08/06/2025,Online,439634.15,First-Time Buyer,30581.3,No,5,BR002,465.87
CUST000672,11/06/2025,Direct,232163.78,Refinancer,9032.27,Yes,1,BR005,1000.89
CUST000127,12/06/2025,Direct,275986.11,First-Time Buyer,13189.82,No,4,BR009,1030.66
CUST000229,14/06/2025,Referral,260481.02,First-Time Buyer,12018.93,Yes,5,BR006,323.37
CUST000039,07/06/2025,Online,256968.42,Investor,19331.78,No,7,BR008,434.33
CUST000923,16/06/2025,Broker,203911.04,Investor,5000,No,5,BR010,1832.21
CUST000674,13/06/2025,Referral,186190.43,First-Time Buyer,13660.4,No,2,BR009,346.2
CUST000998,03/06/2025,Referral,335284.18,First-Time Buyer,38500.47,Yes,3,BR007,316.53
CUST000543,14/06/2025,Broker,454798.71,Investor,25305.7,Yes,8,BR005,2223.55
CUST000161,07/06/2025,Broker,374219.5,First-Time Buyer,24592.33,No,4,BR005,1876.09
CUST000979,04/06/2025,Direct,408589.84,Investor,7209.54,No,2,BR008,875.99
CUST000026,02/06/2025,Broker,422822.84,First-Time Buyer,13686.91,No,8,BR002,1921
CUST000478,04/06/2025,Referral,368686.21,Refinancer,18323.41,No,4,BR005,295.7
CUST000074,22/06/2025,Broker,318791.47,First-Time Buyer,5000,Yes,9,BR005,1859.89
CUST000850,10/06/2025,Online,313565.64,Investor,5000,No,4,BR007,457.77
CUST000360,10/06/2025,Broker,281666.57,Investor,26940.36,Yes,9,BR005,1831.27
CUST000367,24/06/2025,Online,523319.38,First-Time Buyer,6663.39,No,7,BR002,449.45
CUST000477,18/06/2025,Online,153796.65,Refinancer,25206.46,No,8,BR004,459.98
CUST000450,15/06/2025,Broker,355926.37,First-Time Buyer,27573.7,Yes,8,BR003,2376.22
CUST000167,30/06/2025,Referral,282337.82,Investor,19994.4,No,6,BR007,243.2
CUST000853,15/06/2025,Direct,166997.15,First-Time Buyer,24004.82,No,0,BR006,1153.55
CUST000083,20/06/2025,Online,401016.25,First-Time Buyer,25060.35,No,3,BR005,489.5
CUST000118,12/06/2025,Broker,199804.31,First-Time Buyer,34972.96,No,9,BR008,2229.04
CUST000214,20/06/2025,Broker,176511.1,First-Time Buyer,29484.67,No,0,BR002,1686.17
CUST000903,22/06/2025,Online,357485.85,Refinancer,13320.31,No,3,BR010,500.69
CUST000065,29/06/2025,Broker,317082.81,Investor,26086.85,Yes,7,BR002,1922.12
CUST000267,03/07/2025,Broker,434838.64,Refinancer,5000,No,4,BR008,1719.45
CUST000399,28/06/2025,Referral,326368.95,First-Time Buyer,20557.92,No,6,BR005,281.46
