application_id,application_date,stage,loan_amount,loan_type,branch_id,processing_time_days,credit_score,,
APP000127,02/01/2023,Approved,164014.39,Fixed,BR006,22,696,,
APP000402,03/01/2023,Funded,439200.23,Fixed,BR008,17,673,,
APP000380,06/01/2023,Submitted,267516.86,Fixed,BR005,7,681,,
APP000776,07/01/2023,Submitted,336736.55,Fixed,BR009,20,728,,
APP000220,08/01/2023,Approved,357258.28,Fixed,BR004,22,682,,
APP000824,08/01/2023,Submitted,220080.8,Adjustable,BR005,12,631,,
APP000702,16/01/2023,Submitted,262716.68,Adjustable,BR008,6,718,,
APP000302,17/01/2023,In Review,265074.23,Adjustable,BR008,24,645,,
APP000115,17/01/2023,In Review,438215.9,Fixed,BR009,4,813,,
APP000438,17/01/2023,Approved,327899.42,Fixed,BR009,26,802,,
APP000022,19/01/2023,Submitted,248395.53,Adjustable,BR003,7,607,,
APP000491,20/01/2023,In Review,409131.01,Fixed,BR001,5,613,,
APP000162,20/01/2023,In Review,387245.73,Fixed,BR007,27,770,,
APP000280,21/01/2023,Approved,262938.57,Fixed,BR008,20,660,,
APP000930,22/01/2023,Submitted,202547.07,Fixed,BR006,26,767,,
APP000309,22/01/2023,Approved,274095.79,Fixed,BR010,27,695,,
APP000906,27/01/2023,Approved,418767.94,VA,BR007,20,703,,
APP000264,27/01/2023,In Review,296149.15,Fixed,BR002,10,724,,
APP000607,27/01/2023,Submitted,430174.13,FHA,BR007,27,748,,
APP000106,28/01/2023,Submitted,484670.73,Fixed,BR005,5,796,,
APP000661,29/01/2023,Submitted,366288.13,Adjustable,BR010,13,706,,
APP000572,30/01/2023,Approved,119801.96,Fixed,BR009,15,670,,
APP000796,01/02/2023,Approved,296435.85,FHA,BR009,20,609,,
APP000652,01/02/2023,In Review,381573.72,Adjustable,BR003,18,831,,
APP000971,01/02/2023,In Review,50000,Adjustable,BR006,27,836,,
APP000208,03/02/2023,In Review,387736.23,Fixed,BR008,22,815,,
APP000856,03/02/2023,Submitted,259635.15,VA,BR006,25,687,,
APP000617,05/02/2023,Submitted,165287.37,Fixed,BR002,16,804,,
APP000130,07/02/2023,In Review,516325.47,VA,BR003,15,731,,
APP000531,07/02/2023,Approved,297497.3,Fixed,BR003,19,760,,
APP000540,08/02/2023,Submitted,281302.87,FHA,BR005,4,753,,
APP000488,08/02/2023,Submitted,209609.24,Fixed,BR004,22,681,,
APP000159,09/02/2023,Submitted,324380.07,Fixed,BR009,11,804,,
APP000744,10/02/2023,In Review,204056.08,Adjustable,BR004,22,601,,
APP000927,12/02/2023,Submitted,367257.37,Fixed,BR003,14,803,,
APP000351,12/02/2023,In Review,332135.72,VA,BR010,12,668,,
APP000002,13/02/2023,Funded,166465.56,Fixed,BR008,13,758,,
APP000333,13/02/2023,Submitted,387006.77,FHA,BR009,11,696,,
APP000982,14/02/2023,Approved,374212.75,Adjustable,BR002,1,788,,
APP000425,14/02/2023,Submitted,304886.01,FHA,BR004,9,726,,
APP000555,14/02/2023,Approved,314866.75,Fixed,BR010,5,661,,
APP000741,14/02/2023,In Review,422103.37,VA,BR010,19,726,,
APP000016,15/02/2023,Submitted,405315.29,Adjustable,BR002,16,669,,
APP000511,16/02/2023,In Review,338857.86,Fixed,BR008,9,618,,
APP000509,18/02/2023,Funded,189663.34,Fixed,BR001,16,828,,
APP000362,18/02/2023,In Review,437570.68,Adjustable,BR003,10,677,,
APP000882,20/02/2023,In Review,288193.15,Fixed,BR002,15,618,,
APP000792,21/02/2023,In Review,174571.06,Fixed,BR007,20,841,,
APP000596,22/02/2023,In Review,279067.63,FHA,BR005,19,739,,
APP000502,23/02/2023,In Review,284753.02,Fixed,BR003,18,707,,
APP000011,23/02/2023,Submitted,342961.82,Fixed,BR004,14,845,,
APP000537,23/02/2023,Approved,193488.63,Adjustable,BR001,20,706,,
APP000010,23/02/2023,Approved,133903.91,Fixed,BR008,19,649,,
APP000072,24/02/2023,Submitted,244452.29,Fixed,BR010,12,844,,
APP000167,26/02/2023,Submitted,147447.48,Adjustable,BR005,19,678,,
APP000707,27/02/2023,Submitted,158163.43,Adjustable,BR007,6,721,,
APP000944,28/02/2023,Approved,361536.75,Fixed,BR006,24,709,,
APP000870,28/02/2023,Funded,558956.36,Adjustable,BR004,20,763,,
APP000313,03/03/2023,Submitted,372762.95,Fixed,BR005,28,777,,
APP000767,04/03/2023,Approved,200161.46,Fixed,BR007,11,835,,
APP000848,04/03/2023,Funded,428101.64,Adjustable,BR006,25,825,,
APP000992,05/03/2023,In Review,469505.1,Fixed,BR004,16,689,,
APP000367,06/03/2023,Funded,190372.49,Fixed,BR008,7,666,,
APP000342,06/03/2023,In Review,418703.03,Adjustable,BR004,29,625,,
APP000941,07/03/2023,Submitted,351310.58,Fixed,BR001,16,676,,
APP000321,08/03/2023,In Review,399801.01,Fixed,BR008,4,704,,
APP000249,09/03/2023,Funded,361351.8,FHA,BR005,14,814,,
APP000737,09/03/2023,Submitted,451344.97,Adjustable,BR004,2,650,,
APP000536,10/03/2023,Funded,168816.38,Fixed,BR010,8,730,,
APP000746,10/03/2023,Approved,408874.86,Fixed,BR009,9,849,,
APP000318,11/03/2023,Submitted,100179.93,Fixed,BR009,15,669,,
APP000565,11/03/2023,Submitted,394955.41,Adjustable,BR006,13,756,,
APP000037,11/03/2023,Submitted,326705.03,Adjustable,BR009,8,840,,
APP000841,12/03/2023,Submitted,311327.04,Adjustable,BR007,23,632,,
APP000378,13/03/2023,Submitted,525243.58,Adjustable,BR009,2,631,,
APP000301,15/03/2023,Submitted,265134.79,Fixed,BR010,29,761,,
APP000655,17/03/2023,In Review,283287.83,Fixed,BR006,1,647,,
APP000046,17/03/2023,In Review,445338.45,Fixed,BR005,28,692,,
APP000991,17/03/2023,Approved,304360.24,FHA,BR006,5,739,,
APP000426,18/03/2023,In Review,304059.17,Adjustable,BR010,26,635,,
APP000883,19/03/2023,Submitted,87814.51,FHA,BR010,25,785,,
APP000096,20/03/2023,In Review,479455.79,FHA,BR007,20,668,,
APP000931,20/03/2023,Submitted,410708.07,Fixed,BR002,19,787,,
APP000517,20/03/2023,Submitted,391907.65,VA,BR008,15,753,,
APP000207,21/03/2023,Submitted,450339.83,FHA,BR007,22,619,,
APP000235,21/03/2023,Submitted,473596.38,Adjustable,BR008,1,842,,
APP000444,22/03/2023,Submitted,341379.91,Fixed,BR001,3,716,,
APP000668,22/03/2023,Submitted,358636.4,Fixed,BR002,19,742,,
APP000297,23/03/2023,Approved,144341.81,Adjustable,BR002,9,780,,
APP000784,23/03/2023,Submitted,388404.54,Adjustable,BR003,9,643,,
APP000532,24/03/2023,Funded,381776.63,Fixed,BR003,24,675,,
APP000676,25/03/2023,Funded,123923.72,Fixed,BR001,27,608,,
APP000656,25/03/2023,Submitted,328258,Adjustable,BR010,21,618,,
APP000188,25/03/2023,In Review,480094.04,FHA,BR009,4,667,,
APP000779,26/03/2023,Approved,449268.86,Adjustable,BR009,15,637,,
APP000070,27/03/2023,Funded,246900.3,Fixed,BR010,1,684,,
APP000885,28/03/2023,Approved,429699.45,Adjustable,BR010,23,653,,
APP000239,28/03/2023,In Review,267965.27,FHA,BR009,3,792,,
APP000234,28/03/2023,In Review,231081.22,FHA,BR007,19,756,,
APP000135,29/03/2023,Funded,290470.45,Fixed,BR005,19,770,,
APP000231,29/03/2023,Approved,431739.41,Fixed,BR004,25,802,,
APP000217,31/03/2023,Submitted,479768.65,Adjustable,BR001,26,727,,
APP000164,01/04/2023,In Review,290082.41,Fixed,BR002,6,788,,
APP000723,03/04/2023,Submitted,218180.11,Adjustable,BR005,29,813,,
APP000691,04/04/2023,Submitted,419663.15,FHA,BR006,22,815,,
APP000232,04/04/2023,In Review,319759.96,Fixed,BR004,22,811,,
APP000190,04/04/2023,Submitted,156922.49,FHA,BR006,12,648,,
APP000484,04/04/2023,In Review,207932.64,Adjustable,BR007,7,839,,
APP000985,06/04/2023,Approved,275393.75,Fixed,BR010,5,679,,
APP000478,06/04/2023,In Review,341901.9,Fixed,BR006,14,751,,
APP000157,07/04/2023,In Review,197876.72,FHA,BR002,23,617,,
APP000101,08/04/2023,Submitted,552693.24,Fixed,BR005,19,650,,
APP000672,09/04/2023,Approved,470221.49,FHA,BR007,16,668,,
APP000076,12/04/2023,Approved,242925.37,Fixed,BR010,15,615,,
APP000244,12/04/2023,Submitted,514227.04,VA,BR010,14,846,,
APP000166,12/04/2023,Approved,192991.52,VA,BR005,11,808,,
APP000140,12/04/2023,Funded,319409,VA,BR006,26,705,,
APP000535,14/04/2023,Approved,301035.26,VA,BR003,9,662,,
APP000243,16/04/2023,Funded,297564.54,Fixed,BR005,16,745,,
APP000871,16/04/2023,Submitted,357963.32,VA,BR009,5,760,,
APP000569,16/04/2023,Funded,163312.13,Fixed,BR009,15,743,,
APP000273,16/04/2023,Approved,349403.02,Fixed,BR009,25,728,,
APP000818,17/04/2023,Submitted,505749.55,Fixed,BR001,29,626,,
APP000045,17/04/2023,Submitted,255449.75,Fixed,BR003,17,720,,
APP000384,19/04/2023,Approved,135460.13,Fixed,BR006,18,600,,
APP000356,21/04/2023,In Review,396408.72,Fixed,BR009,5,696,,
APP000169,21/04/2023,Submitted,295441.4,Adjustable,BR005,14,750,,
APP000163,22/04/2023,In Review,365020.12,Fixed,BR008,11,638,,
APP000712,23/04/2023,In Review,555819.93,Fixed,BR009,8,822,,
APP000722,24/04/2023,Submitted,244881.43,Fixed,BR007,20,684,,
APP000061,24/04/2023,Submitted,295053.63,Adjustable,BR006,22,729,,
APP000429,24/04/2023,Submitted,159739.47,Fixed,BR004,5,612,,
APP000263,27/04/2023,Submitted,407868.08,Fixed,BR004,25,713,,
APP000267,27/04/2023,In Review,365232.29,FHA,BR010,17,684,,
APP000675,27/04/2023,In Review,356550.96,Fixed,BR003,6,636,,
APP000910,27/04/2023,Submitted,274109.5,Adjustable,BR010,13,675,,
APP000700,28/04/2023,In Review,256254.17,VA,BR006,18,637,,
APP000860,28/04/2023,Submitted,193246.71,Fixed,BR004,28,771,,
APP000204,28/04/2023,Approved,295228.86,Fixed,BR004,13,778,,
APP000964,01/05/2023,Submitted,416187.83,Adjustable,BR004,3,625,,
APP000311,03/05/2023,In Review,292839.87,Fixed,BR007,25,601,,
APP000560,05/05/2023,In Review,317041.62,Fixed,BR004,15,717,,
APP000465,06/05/2023,Funded,235072.25,Fixed,BR009,4,616,,
APP000041,06/05/2023,Submitted,248271.15,FHA,BR007,11,789,,
APP000896,06/05/2023,Submitted,267767.95,Fixed,BR004,25,711,,
APP000137,08/05/2023,In Review,360789.65,FHA,BR006,20,631,,
APP000049,08/05/2023,In Review,257981.32,Fixed,BR009,22,845,,
APP000736,09/05/2023,Approved,287825.25,Fixed,BR010,16,724,,
APP000241,10/05/2023,Funded,352283.55,Fixed,BR003,17,757,,
APP000865,10/05/2023,In Review,193760.65,Adjustable,BR003,26,776,,
APP000471,10/05/2023,Submitted,333088.02,Fixed,BR005,23,785,,
APP000250,11/05/2023,Approved,197720.74,FHA,BR004,24,816,,
APP000529,13/05/2023,Submitted,408589.56,Adjustable,BR008,25,616,,
APP000696,13/05/2023,In Review,364828.04,Fixed,BR004,9,846,,
APP000512,14/05/2023,In Review,549299.95,Adjustable,BR002,4,689,,
APP000415,14/05/2023,In Review,140700.63,Adjustable,BR002,23,661,,
APP000138,15/05/2023,Approved,318660.91,Fixed,BR005,8,760,,
APP000609,15/05/2023,In Review,303200.41,Fixed,BR008,29,647,,
APP000680,17/05/2023,Approved,367318.14,FHA,BR004,25,797,,
APP000589,19/05/2023,Submitted,255671.77,FHA,BR009,19,753,,
APP000008,19/05/2023,Approved,345918.01,Adjustable,BR006,21,750,,
APP000769,21/05/2023,Submitted,376608.03,Adjustable,BR003,10,821,,
APP000947,21/05/2023,Submitted,246403.66,Fixed,BR006,8,705,,
APP000969,21/05/2023,In Review,318958.16,Fixed,BR004,27,684,,
APP000875,21/05/2023,Submitted,333848.38,Fixed,BR005,28,688,,
APP000095,22/05/2023,Approved,296687.3,FHA,BR007,29,816,,
APP000742,23/05/2023,Submitted,358209.77,Adjustable,BR001,25,739,,
APP000754,25/05/2023,Submitted,285239.74,Adjustable,BR001,8,711,,
APP000031,26/05/2023,In Review,281312.84,Fixed,BR009,2,831,,
APP000298,27/05/2023,Submitted,257188.48,Fixed,BR007,29,670,,
APP000209,27/05/2023,Submitted,277903.58,Adjustable,BR006,25,754,,
APP000618,28/05/2023,Submitted,202838.6,Fixed,BR007,6,622,,
APP000798,29/05/2023,In Review,416473.94,Adjustable,BR002,18,799,,
APP000419,30/05/2023,In Review,322391.41,FHA,BR007,7,663,,
APP000012,30/05/2023,Funded,320768.77,Fixed,BR004,7,805,,
APP000181,31/05/2023,Submitted,364272.28,Fixed,BR002,22,705,,
APP000996,01/06/2023,Submitted,167997.75,Fixed,BR004,3,819,,
APP000033,01/06/2023,Submitted,444697.79,Fixed,BR008,13,788,,
APP000182,01/06/2023,Submitted,432915.25,Fixed,BR008,15,606,,
APP000940,03/06/2023,In Review,256451.36,FHA,BR008,26,651,,
APP000206,03/06/2023,Submitted,184163.53,Fixed,BR001,29,727,,
APP000877,04/06/2023,Approved,316846.1,Fixed,BR007,15,641,,
APP000189,04/06/2023,In Review,295984.2,Adjustable,BR009,25,837,,
APP000692,06/06/2023,In Review,239021.71,Fixed,BR010,21,724,,
APP000878,06/06/2023,In Review,431759.75,Adjustable,BR005,16,746,,
APP000266,07/06/2023,Approved,388365.99,Fixed,BR008,22,651,,
APP000645,07/06/2023,Submitted,195519.08,Adjustable,BR006,19,611,,
APP000854,08/06/2023,Approved,402996.08,Fixed,BR007,13,745,,
APP000852,08/06/2023,Approved,215364.33,FHA,BR004,23,713,,
APP000051,08/06/2023,Funded,165554.95,Fixed,BR010,8,820,,
APP000007,09/06/2023,Submitted,383392.22,Fixed,BR006,4,715,,
APP000562,11/06/2023,Submitted,300304.6,Fixed,BR005,2,743,,
APP000030,11/06/2023,Submitted,210539.27,Fixed,BR001,12,815,,
APP000660,11/06/2023,In Review,373487.78,Fixed,BR002,27,652,,
APP000325,12/06/2023,Funded,410818.28,FHA,BR007,16,838,,
APP000282,13/06/2023,Submitted,50000,Fixed,BR010,1,767,,
APP000760,14/06/2023,Approved,50000,FHA,BR009,13,613,,
APP000575,15/06/2023,Approved,242348.96,FHA,BR006,11,642,,
APP000120,16/06/2023,In Review,218306.43,Adjustable,BR008,27,765,,
APP000286,19/06/2023,Submitted,188033.01,VA,BR004,2,664,,
APP000921,20/06/2023,Approved,335063.01,FHA,BR004,23,726,,
APP000439,22/06/2023,Approved,216465.29,Fixed,BR001,15,673,,
APP000979,25/06/2023,In Review,461227.83,FHA,BR005,11,722,,
APP000340,26/06/2023,Submitted,405065.44,VA,BR007,21,643,,
APP000554,26/06/2023,In Review,449072.61,Fixed,BR003,13,653,,
APP000193,27/06/2023,Funded,384064.35,Fixed,BR003,14,706,,
APP000368,28/06/2023,Funded,155994.91,Fixed,BR007,9,686,,
APP000097,28/06/2023,In Review,248238.87,VA,BR006,6,668,,
APP000310,29/06/2023,Submitted,280365.02,FHA,BR009,14,746,,
APP000001,29/06/2023,Submitted,317770.1,VA,BR009,23,660,,
APP000110,01/07/2023,Submitted,410870.36,Fixed,BR003,20,608,,
APP000131,04/07/2023,In Review,269222.18,Fixed,BR003,21,603,,
APP000800,04/07/2023,Funded,218974.76,Adjustable,BR001,2,847,,
APP000671,04/07/2023,Submitted,330883.3,FHA,BR009,18,721,,
APP000107,05/07/2023,In Review,358392.82,Fixed,BR006,27,769,,
APP000545,05/07/2023,In Review,306447.44,Fixed,BR004,3,716,,
APP000551,06/07/2023,In Review,453075.08,VA,BR006,16,743,,
APP000717,10/07/2023,Approved,506150.36,Fixed,BR002,1,603,,
APP000962,11/07/2023,In Review,283117.83,Fixed,BR009,3,610,,
APP000363,11/07/2023,In Review,284994.44,Fixed,BR006,5,756,,
APP000285,12/07/2023,In Review,263755.91,Fixed,BR004,28,819,,
APP000995,14/07/2023,Submitted,225752.94,Fixed,BR001,15,696,,
APP000374,15/07/2023,In Review,167691.02,Adjustable,BR003,1,750,,
APP000773,16/07/2023,Submitted,212201.74,Fixed,BR009,18,686,,
APP000989,18/07/2023,Submitted,312320.48,FHA,BR004,3,752,,
APP000802,18/07/2023,Submitted,414863.73,Fixed,BR002,13,684,,
APP000682,22/07/2023,Submitted,177570.18,Adjustable,BR010,26,753,,
APP000638,24/07/2023,Submitted,326859.23,Fixed,BR001,8,837,,
APP000247,24/07/2023,In Review,303800.35,Fixed,BR009,13,637,,
APP000635,24/07/2023,Submitted,235648.18,Fixed,BR006,22,682,,
APP000564,26/07/2023,Submitted,419064.63,Fixed,BR004,23,799,,
APP000154,29/07/2023,In Review,80119.4,Fixed,BR009,19,712,,
APP000791,30/07/2023,Submitted,379426.47,VA,BR006,25,650,,
APP000446,01/08/2023,Funded,287017.93,Fixed,BR010,10,640,,
APP000973,05/08/2023,Approved,234592.43,Fixed,BR009,6,840,,
APP000387,06/08/2023,Submitted,438427.28,FHA,BR002,11,779,,
APP000039,06/08/2023,In Review,308228.4,FHA,BR010,14,600,,
APP000728,08/08/2023,Approved,395530.52,Fixed,BR007,4,618,,
APP000141,08/08/2023,Funded,407363.17,Fixed,BR006,16,704,,
APP000653,09/08/2023,In Review,386047.35,VA,BR006,23,670,,
APP000543,09/08/2023,Submitted,292950.12,Fixed,BR007,2,651,,
APP000658,09/08/2023,Submitted,460734.56,FHA,BR007,7,683,,
APP000849,09/08/2023,In Review,306785.55,Fixed,BR002,18,683,,
APP000508,10/08/2023,Approved,350799.13,Fixed,BR008,14,819,,
APP000317,11/08/2023,In Review,307863.52,FHA,BR006,3,739,,
APP000395,14/08/2023,Submitted,224603.54,Fixed,BR001,27,757,,
APP000142,15/08/2023,Submitted,197348.47,VA,BR008,19,782,,
APP000304,15/08/2023,In Review,507674.8,FHA,BR003,4,795,,
APP000946,16/08/2023,Submitted,408598.21,Adjustable,BR005,27,742,,
APP000787,18/08/2023,In Review,306699.07,Fixed,BR010,17,789,,
APP000259,18/08/2023,In Review,322445.18,Fixed,BR002,20,656,,
APP000175,20/08/2023,In Review,291784.88,VA,BR004,1,657,,
APP000953,20/08/2023,Submitted,298058.04,Adjustable,BR002,7,759,,
APP000271,22/08/2023,Approved,237443.73,Adjustable,BR003,10,664,,
APP000448,24/08/2023,Approved,285299.8,VA,BR007,29,687,,
APP000283,27/08/2023,Submitted,414876.57,FHA,BR007,12,625,,
APP000998,28/08/2023,Submitted,296296.32,FHA,BR002,14,611,,
APP000514,30/08/2023,Approved,383849.08,Fixed,BR006,23,625,,
APP000817,30/08/2023,In Review,361915.43,VA,BR008,5,641,,
APP000939,30/08/2023,Submitted,370945.18,Fixed,BR010,19,673,,
APP000472,30/08/2023,Funded,383352.9,FHA,BR003,16,802,,
APP000092,01/09/2023,Approved,220170.28,FHA,BR007,1,733,,
APP000085,01/09/2023,Submitted,238721.13,Adjustable,BR001,20,846,,
APP000006,01/09/2023,Submitted,408078.07,Fixed,BR008,5,623,,
APP000198,02/09/2023,Approved,57612.07,Fixed,BR008,5,608,,
APP000990,02/09/2023,Approved,355148.54,FHA,BR004,16,643,,
APP000965,04/09/2023,Submitted,207264.69,Adjustable,BR007,22,788,,
APP000721,04/09/2023,Funded,377836.11,VA,BR002,17,705,,
APP000900,05/09/2023,Submitted,256837.97,Adjustable,BR008,8,781,,
APP000083,07/09/2023,Submitted,454750.52,Fixed,BR006,16,679,,
APP000857,07/09/2023,Submitted,204487.74,Adjustable,BR004,13,671,,
APP000813,11/09/2023,Submitted,343655.98,Fixed,BR010,9,843,,
APP000890,13/09/2023,Submitted,354673.36,Fixed,BR003,19,633,,
APP000424,14/09/2023,In Review,354329.8,Fixed,BR009,17,729,,
APP000437,14/09/2023,Submitted,232650.94,FHA,BR002,7,824,,
APP000315,16/09/2023,Approved,373264.01,Adjustable,BR002,29,680,,
APP000678,17/09/2023,Submitted,338115.84,VA,BR003,21,730,,
APP000719,17/09/2023,Submitted,402406.25,Adjustable,BR005,19,740,,
APP000828,19/09/2023,Submitted,462467.85,Fixed,BR005,24,674,,
APP000312,19/09/2023,Submitted,296277.78,Fixed,BR010,18,609,,
APP000473,20/09/2023,Submitted,100626.44,FHA,BR002,13,684,,
APP000677,20/09/2023,Submitted,375334.16,Fixed,BR003,9,614,,
APP000846,24/09/2023,In Review,408004.81,FHA,BR004,5,760,,
APP000579,26/09/2023,In Review,152108.84,Fixed,BR002,21,798,,
APP000476,29/09/2023,Funded,179035.9,Fixed,BR007,9,782,,
APP000541,01/10/2023,Funded,305664.99,FHA,BR010,14,698,,
APP000124,01/10/2023,Submitted,427845.19,Fixed,BR008,13,670,,
APP000098,06/10/2023,In Review,322378.8,Fixed,BR008,8,747,,
APP000803,07/10/2023,In Review,198417.82,Adjustable,BR003,4,656,,
APP000227,07/10/2023,Funded,389519.32,Fixed,BR008,11,661,,
APP000328,07/10/2023,In Review,194658.44,FHA,BR008,16,797,,
APP000859,07/10/2023,In Review,506252.49,Fixed,BR004,7,629,,
APP000027,09/10/2023,Submitted,322213.38,Fixed,BR004,9,804,,
APP000287,09/10/2023,In Review,170531.85,Fixed,BR005,4,699,,
APP000697,09/10/2023,Submitted,287905.19,FHA,BR010,2,613,,
APP000701,10/10/2023,In Review,372238.14,Fixed,BR008,9,707,,
APP000909,11/10/2023,Submitted,328328.79,Fixed,BR007,17,849,,
APP000238,13/10/2023,Submitted,251611.42,Fixed,BR008,14,697,,
APP000113,13/10/2023,Funded,406667.47,Adjustable,BR002,9,685,,
APP000277,14/10/2023,Approved,297444.59,Fixed,BR008,18,615,,
APP000794,16/10/2023,In Review,164341.82,VA,BR001,23,751,,
APP000455,17/10/2023,Submitted,219632.54,Fixed,BR007,13,828,,
APP000099,18/10/2023,Submitted,298357.71,Fixed,BR004,29,791,,
APP000339,18/10/2023,In Review,320109.9,Fixed,BR002,26,678,,
APP000023,19/10/2023,Submitted,309612.08,Fixed,BR006,14,678,,
APP000761,19/10/2023,Submitted,297248.51,Fixed,BR007,6,839,,
APP000126,20/10/2023,In Review,304643.65,Fixed,BR006,25,726,,
APP000306,20/10/2023,Funded,343004.16,FHA,BR001,20,677,,
APP000330,21/10/2023,Submitted,491403.14,Fixed,BR010,9,745,,
APP000056,21/10/2023,Funded,323421.47,Fixed,BR010,5,637,,
APP000064,22/10/2023,Submitted,338240.97,Fixed,BR006,5,805,,
APP000552,23/10/2023,Approved,421876.19,Fixed,BR009,7,751,,
APP000957,24/10/2023,In Review,194631.76,Adjustable,BR008,29,827,,
APP000218,24/10/2023,Approved,364084.29,VA,BR006,11,774,,
APP000144,25/10/2023,Submitted,229987.92,FHA,BR001,23,787,,
APP000506,26/10/2023,Submitted,166876.7,VA,BR010,28,754,,
APP000724,28/10/2023,Approved,299662.55,Fixed,BR006,24,720,,
APP000211,28/10/2023,In Review,320838.28,Adjustable,BR006,22,671,,
APP000880,29/10/2023,Submitted,413987.86,Fixed,BR010,9,828,,
APP000550,30/10/2023,Approved,359992.87,VA,BR001,24,699,,
APP000414,30/10/2023,In Review,331978.19,FHA,BR007,21,614,,
APP000894,04/11/2023,Submitted,207758.98,Adjustable,BR005,19,617,,
APP000062,05/11/2023,Submitted,367481.95,Fixed,BR010,2,808,,
APP000699,05/11/2023,Submitted,211250.78,Adjustable,BR003,26,739,,
APP000399,05/11/2023,Approved,201140.89,Fixed,BR008,27,787,,
APP000895,07/11/2023,In Review,461537.57,Fixed,BR002,17,656,,
APP000951,10/11/2023,In Review,277653.4,Fixed,BR002,22,639,,
APP000747,12/11/2023,Submitted,488458.63,FHA,BR003,1,738,,
APP000442,13/11/2023,Funded,330982.07,Fixed,BR008,27,775,,
APP000581,13/11/2023,In Review,298469.02,Adjustable,BR003,14,625,,
APP000331,13/11/2023,Submitted,280931.76,Fixed,BR005,4,733,,
APP000118,14/11/2023,Submitted,314671.37,Fixed,BR008,19,782,,
APP000365,14/11/2023,Funded,282692.82,Fixed,BR006,22,634,,
APP000650,14/11/2023,In Review,272318.67,Fixed,BR005,13,716,,
APP000334,14/11/2023,Submitted,349568.19,Fixed,BR006,2,622,,
APP000893,14/11/2023,Approved,260824.19,FHA,BR003,7,735,,
APP000751,16/11/2023,Submitted,314088.62,Fixed,BR006,2,609,,
APP000516,16/11/2023,Submitted,290111.03,VA,BR008,6,753,,
APP000599,17/11/2023,Submitted,239438.45,Fixed,BR008,23,760,,
APP000200,17/11/2023,Approved,376041.47,VA,BR006,21,675,,
APP000667,17/11/2023,Submitted,247138.33,FHA,BR002,8,610,,
APP000639,18/11/2023,Submitted,452846.84,Fixed,BR001,21,733,,
APP000242,20/11/2023,Funded,242630,VA,BR004,3,711,,
APP000780,20/11/2023,In Review,272887.64,Fixed,BR010,4,845,,
APP000836,23/11/2023,In Review,619310.76,Fixed,BR004,23,820,,
APP000180,24/11/2023,Submitted,344770.86,Fixed,BR006,20,745,,
APP000937,25/11/2023,Submitted,333198.03,Fixed,BR009,29,604,,
APP000196,26/11/2023,Submitted,111045.93,FHA,BR004,19,817,,
APP000376,26/11/2023,Submitted,400981.71,FHA,BR005,21,602,,
APP000228,27/11/2023,Submitted,363517.18,Adjustable,BR008,15,629,,
APP000608,28/11/2023,Submitted,456151.12,Adjustable,BR010,20,755,,
APP000815,29/11/2023,Approved,63706.76,Fixed,BR007,11,803,,
APP000195,29/11/2023,Submitted,255381.66,Fixed,BR007,11,748,,
APP000044,29/11/2023,Funded,263716.14,Fixed,BR001,3,677,,
APP000640,02/12/2023,Submitted,350783.58,VA,BR006,25,804,,
APP000396,02/12/2023,Funded,271932.49,FHA,BR001,26,827,,
APP000352,03/12/2023,Approved,342192.08,FHA,BR006,8,660,,
APP000636,03/12/2023,In Review,392784.01,FHA,BR003,21,761,,
APP000646,04/12/2023,Approved,103364.34,Adjustable,BR003,23,779,,
APP000432,04/12/2023,Approved,230709.48,VA,BR004,10,814,,
APP000381,06/12/2023,Submitted,50059.43,Fixed,BR010,21,642,,
APP000715,07/12/2023,Submitted,454211,Adjustable,BR006,21,611,,
APP000559,08/12/2023,Approved,261182.32,Adjustable,BR001,18,609,,
APP000423,08/12/2023,Submitted,312229.75,Fixed,BR004,23,785,,
APP000123,08/12/2023,Submitted,302874.48,VA,BR002,13,617,,
APP000017,09/12/2023,Submitted,296044.48,Adjustable,BR006,17,626,,
APP000918,10/12/2023,Funded,232225.5,FHA,BR002,6,813,,
APP000539,11/12/2023,In Review,239048.78,Fixed,BR009,1,654,,
APP000345,13/12/2023,Submitted,463343.15,Adjustable,BR001,26,635,,
APP000148,13/12/2023,In Review,337721.19,Fixed,BR003,9,633,,
APP000952,14/12/2023,In Review,265068.32,VA,BR009,27,755,,
APP000292,14/12/2023,Submitted,347704.08,Adjustable,BR006,26,720,,
APP000785,14/12/2023,Submitted,373684.39,FHA,BR004,26,673,,
APP000254,14/12/2023,Submitted,364719.59,FHA,BR001,10,621,,
APP000485,16/12/2023,In Review,316936.08,Fixed,BR005,6,811,,
APP000693,16/12/2023,In Review,286598.28,FHA,BR005,28,634,,
APP000059,18/12/2023,Submitted,398432.24,VA,BR005,6,690,,
APP000405,20/12/2023,Submitted,201037.19,Adjustable,BR007,24,838,,
APP000323,20/12/2023,In Review,508837.47,FHA,BR010,17,728,,
APP000290,22/12/2023,In Review,334650.39,Adjustable,BR004,11,770,,
APP000077,24/12/2023,Approved,216764.44,Fixed,BR007,22,649,,
APP000147,24/12/2023,In Review,244107.82,VA,BR010,28,807,,
APP000521,25/12/2023,In Review,233190.95,FHA,BR003,18,681,,
APP000694,25/12/2023,Submitted,301468.82,VA,BR004,17,718,,
APP000601,26/12/2023,Submitted,367792.59,Adjustable,BR005,28,677,,
APP000079,26/12/2023,Submitted,244777.7,Adjustable,BR001,11,727,,
APP000215,26/12/2023,Approved,199838,FHA,BR002,7,712,,
APP000411,27/12/2023,Submitted,310537.55,Adjustable,BR006,25,807,,
APP000268,27/12/2023,Approved,142360.78,VA,BR004,18,820,,
APP000174,27/12/2023,Submitted,444376.46,Fixed,BR010,28,697,,
APP000477,28/12/2023,Submitted,467257.24,Adjustable,BR001,28,756,,
APP000028,28/12/2023,In Review,252125.14,FHA,BR010,22,704,,
APP000641,29/12/2023,Submitted,353829.61,FHA,BR010,9,791,,
APP000230,29/12/2023,In Review,246476.48,VA,BR001,26,621,,
APP000546,01/01/2024,Submitted,102453.34,Adjustable,BR007,26,717,,
APP000013,01/01/2024,Approved,327157.88,Fixed,BR009,14,841,,
APP000441,02/01/2024,Submitted,181240.16,Fixed,BR009,29,700,,
APP000936,03/01/2024,Submitted,290946.67,Fixed,BR006,6,740,,
APP000068,05/01/2024,Approved,545530.01,FHA,BR008,8,692,,
APP000498,06/01/2024,Submitted,339331.78,FHA,BR004,8,719,,
APP000091,06/01/2024,Submitted,282305.28,Fixed,BR010,15,693,,
APP000161,06/01/2024,Submitted,171969.56,Fixed,BR003,10,828,,
APP000496,06/01/2024,Submitted,314171.69,FHA,BR001,16,681,,
APP000019,07/01/2024,In Review,302831.84,VA,BR010,23,649,,
APP000984,07/01/2024,Submitted,139803.42,Adjustable,BR002,4,703,,
APP000620,08/01/2024,Approved,234310.57,Fixed,BR009,23,647,,
APP000344,08/01/2024,In Review,185699.51,Fixed,BR008,26,806,,
APP000350,09/01/2024,In Review,332876.24,Adjustable,BR009,6,784,,
APP000005,11/01/2024,Submitted,355979.04,Adjustable,BR002,27,723,,
APP000534,11/01/2024,In Review,355781.03,Fixed,BR005,15,783,,
APP000718,12/01/2024,Funded,420836.62,Adjustable,BR005,24,769,,
APP000156,12/01/2024,Submitted,249794.58,Adjustable,BR003,15,783,,
APP000422,12/01/2024,Approved,257059.45,Fixed,BR003,19,841,,
APP000799,12/01/2024,In Review,226540.84,FHA,BR006,15,748,,
APP000966,12/01/2024,Submitted,323836.9,Fixed,BR002,13,764,,
APP000684,13/01/2024,In Review,214947.95,Fixed,BR008,16,671,,
APP000874,14/01/2024,In Review,264683.37,Fixed,BR002,27,639,,
APP000648,15/01/2024,In Review,189679.16,Adjustable,BR006,11,845,,
APP000047,15/01/2024,Submitted,457957.21,Adjustable,BR003,19,697,,
APP000349,15/01/2024,Submitted,293586.17,FHA,BR003,6,818,,
APP000743,16/01/2024,Approved,277351.59,Adjustable,BR004,16,672,,
APP000071,16/01/2024,Approved,237685.95,VA,BR001,20,788,,
APP000165,17/01/2024,Submitted,484663.7,Fixed,BR007,2,769,,
APP000934,17/01/2024,In Review,384742.17,FHA,BR006,3,614,,
APP000160,18/01/2024,Approved,243592.14,Fixed,BR004,26,712,,
APP000634,18/01/2024,In Review,516500.23,Fixed,BR006,23,615,,
APP000474,19/01/2024,Approved,337405.66,Fixed,BR008,3,748,,
APP000708,19/01/2024,Approved,123919.12,Fixed,BR008,13,744,,
APP000901,21/01/2024,Submitted,340373.01,Fixed,BR001,19,612,,
APP000050,21/01/2024,Submitted,271821.54,Fixed,BR006,23,798,,
APP000014,21/01/2024,Submitted,172325.14,Fixed,BR001,6,678,,
APP000713,25/01/2024,In Review,243575.24,Fixed,BR003,3,714,,
APP000839,26/01/2024,In Review,257364.24,FHA,BR005,7,798,,
APP000980,27/01/2024,In Review,431491.45,Fixed,BR010,10,743,,
APP000420,28/01/2024,Approved,436414.04,FHA,BR001,28,837,,
APP000467,29/01/2024,Submitted,303408.35,Fixed,BR003,21,649,,
APP000245,31/01/2024,Submitted,472754.32,Adjustable,BR001,20,721,,
APP000997,31/01/2024,Funded,238823.09,FHA,BR004,20,608,,
APP000872,31/01/2024,Submitted,332579.63,Fixed,BR004,19,774,,
APP000329,01/02/2024,In Review,237623.1,Fixed,BR004,7,810,,
APP000922,01/02/2024,In Review,348918.71,FHA,BR003,6,828,,
APP000210,01/02/2024,Submitted,302688.58,Fixed,BR004,20,765,,
APP000171,04/02/2024,In Review,275876.39,Fixed,BR004,6,842,,
APP000837,06/02/2024,Funded,329875.29,Fixed,BR003,7,630,,
APP000542,09/02/2024,In Review,352969.28,Fixed,BR002,25,799,,
APP000256,10/02/2024,In Review,457398.68,FHA,BR010,15,655,,
APP000462,10/02/2024,In Review,279641.96,Fixed,BR003,26,736,,
APP000793,11/02/2024,In Review,329355.79,Fixed,BR007,5,637,,
APP000134,12/02/2024,Submitted,457745.33,Fixed,BR004,11,626,,
APP000698,12/02/2024,In Review,341953.24,FHA,BR002,25,609,,
APP000898,12/02/2024,Approved,452131.61,Fixed,BR002,15,753,,
APP000613,13/02/2024,In Review,501338.72,Fixed,BR007,3,833,,
APP000136,14/02/2024,Submitted,327902.15,Fixed,BR003,8,658,,
APP000610,15/02/2024,In Review,224658.21,FHA,BR006,17,827,,
APP000177,15/02/2024,In Review,334272.53,Adjustable,BR009,8,666,,
APP000561,16/02/2024,Approved,316057.4,FHA,BR006,18,807,,
APP000592,19/02/2024,In Review,471170.85,Fixed,BR008,22,741,,
APP000436,19/02/2024,Approved,424774.21,FHA,BR003,27,817,,
APP000622,20/02/2024,Submitted,353665.28,Fixed,BR007,22,729,,
APP000811,22/02/2024,Funded,192786.1,VA,BR006,16,819,,
APP000427,23/02/2024,In Review,229800.83,Fixed,BR005,13,713,,
APP000891,25/02/2024,Approved,276106.79,Adjustable,BR009,6,652,,
APP000063,25/02/2024,Approved,187727.8,Adjustable,BR010,13,700,,
APP000004,28/02/2024,In Review,361058.57,Fixed,BR003,16,616,,
APP000274,29/02/2024,Funded,326067.38,Adjustable,BR008,7,818,,
APP000588,29/02/2024,Submitted,206673.2,Fixed,BR010,1,667,,
APP000248,29/02/2024,Funded,312003.13,Fixed,BR008,15,741,,
APP000086,01/03/2024,Submitted,261229.84,FHA,BR005,14,729,,
APP000538,02/03/2024,Submitted,269477.53,Fixed,BR003,28,648,,
APP000155,03/03/2024,Funded,344001.45,Adjustable,BR004,12,612,,
APP000459,04/03/2024,Submitted,356898.31,Adjustable,BR002,8,720,,
APP000194,05/03/2024,In Review,234737.6,FHA,BR001,12,628,,
APP000337,05/03/2024,Approved,540341.56,Fixed,BR009,4,804,,
APP000681,05/03/2024,Approved,286154.4,FHA,BR003,21,616,,
APP000203,07/03/2024,Submitted,203302.39,Adjustable,BR002,25,783,,
APP000324,09/03/2024,Submitted,286041.04,Fixed,BR007,7,781,,
APP000445,09/03/2024,Approved,281471.23,FHA,BR008,19,765,,
APP000938,09/03/2024,Funded,319049.97,Fixed,BR010,14,802,,
APP000915,10/03/2024,In Review,312637.96,Adjustable,BR005,2,681,,
APP000740,10/03/2024,Submitted,485409.26,Fixed,BR003,23,784,,
APP000633,12/03/2024,In Review,345588.78,Fixed,BR001,23,677,,
APP000105,12/03/2024,Funded,368189.15,Fixed,BR001,3,800,,
APP000296,13/03/2024,In Review,250624.34,FHA,BR006,18,771,,
APP000528,15/03/2024,Submitted,299088.1,Fixed,BR004,28,618,,
APP000771,15/03/2024,Submitted,289984.59,Adjustable,BR004,25,619,,
APP000669,15/03/2024,Submitted,423828.31,VA,BR004,10,791,,
APP000903,16/03/2024,Submitted,209629.81,FHA,BR005,18,628,,
APP000377,16/03/2024,Approved,231184.97,Fixed,BR004,15,657,,
APP000905,16/03/2024,In Review,182096.02,Fixed,BR001,16,689,,
APP000548,16/03/2024,In Review,285591.24,Fixed,BR007,6,645,,
APP000958,16/03/2024,Submitted,193219.71,Adjustable,BR009,8,684,,
APP000603,18/03/2024,Submitted,515730.82,FHA,BR002,27,725,,
APP000458,21/03/2024,In Review,244641.18,Fixed,BR006,3,695,,
APP000518,22/03/2024,Approved,270972.55,VA,BR007,5,773,,
APP000364,22/03/2024,In Review,312557.65,Fixed,BR002,12,753,,
APP000253,23/03/2024,Approved,339922.31,FHA,BR007,6,783,,
APP000305,23/03/2024,Approved,338193.55,FHA,BR007,18,805,,
APP000976,23/03/2024,Submitted,437365.85,Adjustable,BR004,23,767,,
APP000087,24/03/2024,Approved,328586.54,Adjustable,BR010,3,731,,
APP000116,24/03/2024,Approved,364870.99,Fixed,BR008,19,621,,
APP000284,24/03/2024,Submitted,126028.62,VA,BR001,21,679,,
APP000972,25/03/2024,Funded,367787.53,Fixed,BR002,16,836,,
APP000695,26/03/2024,Submitted,221510.17,Fixed,BR008,28,613,,
APP000036,26/03/2024,Approved,151443.96,FHA,BR008,23,715,,
APP000293,27/03/2024,Approved,307682.19,Fixed,BR008,4,786,,
APP000714,28/03/2024,In Review,318455.13,FHA,BR010,23,600,,
APP000366,28/03/2024,Submitted,301557.9,Fixed,BR006,27,678,,
APP000862,29/03/2024,In Review,441222.06,Adjustable,BR009,23,737,,
APP000270,30/03/2024,Submitted,438009.14,VA,BR004,9,764,,
APP000084,30/03/2024,Submitted,479587.77,FHA,BR003,3,785,,
APP000222,30/03/2024,In Review,392463.37,Fixed,BR010,23,662,,
APP000257,30/03/2024,Funded,177423.43,FHA,BR003,21,718,,
APP000145,30/03/2024,Submitted,419504.66,Adjustable,BR004,11,669,,
APP000720,31/03/2024,Approved,359252.69,FHA,BR007,18,697,,
APP000823,31/03/2024,Submitted,235403.58,Adjustable,BR008,13,769,,
APP000338,01/04/2024,Approved,294238.12,VA,BR003,18,734,,
APP000108,01/04/2024,Approved,264070.79,Fixed,BR006,12,784,,
APP000060,02/04/2024,Submitted,278601.12,Adjustable,BR005,25,653,,
APP000786,04/04/2024,Funded,271867.24,Adjustable,BR002,4,718,,
APP000586,04/04/2024,Submitted,284147.04,VA,BR008,24,794,,
APP000075,04/04/2024,Approved,442050.42,Fixed,BR003,7,828,,
APP000745,04/04/2024,Submitted,262779.32,Fixed,BR001,19,607,,
APP000582,05/04/2024,Funded,357929.15,FHA,BR006,14,720,,
APP000067,05/04/2024,Submitted,328916.86,Adjustable,BR009,25,693,,
APP000631,05/04/2024,Approved,432819.41,FHA,BR010,8,665,,
APP000288,06/04/2024,In Review,416082.68,Fixed,BR010,17,673,,
APP000468,06/04/2024,Approved,223002.68,Fixed,BR003,3,711,,
APP000732,07/04/2024,Approved,280634.05,Fixed,BR008,28,673,,
APP000499,07/04/2024,Funded,319204.91,FHA,BR007,24,719,,
APP000956,07/04/2024,Submitted,138368.94,Fixed,BR002,1,839,,
APP000807,07/04/2024,Funded,317644.16,Fixed,BR009,29,632,,
APP000654,09/04/2024,Approved,241692.26,Fixed,BR005,15,823,,
APP000463,09/04/2024,Approved,241831.91,FHA,BR006,20,667,,
APP000929,09/04/2024,In Review,286736.63,Fixed,BR001,11,750,,
APP000003,10/04/2024,Approved,338019.79,Fixed,BR002,27,694,,
APP000606,13/04/2024,In Review,329929.26,Adjustable,BR003,28,625,,
APP000819,13/04/2024,Submitted,302079.37,Fixed,BR001,10,673,,
APP000643,14/04/2024,Submitted,263504.73,FHA,BR006,6,621,,
APP000300,15/04/2024,Submitted,385022.17,Adjustable,BR006,8,678,,
APP000460,16/04/2024,Submitted,462839.66,FHA,BR006,8,661,,
APP000750,17/04/2024,In Review,188038.26,Fixed,BR008,1,827,,
APP000526,17/04/2024,In Review,210153.2,Adjustable,BR009,18,824,,
APP000053,18/04/2024,Funded,199585.92,Fixed,BR007,27,758,,
APP000026,20/04/2024,Approved,269082.79,FHA,BR004,17,646,,
APP000021,20/04/2024,In Review,393828.38,Fixed,BR003,29,846,,
APP000172,25/04/2024,Submitted,335205.54,Adjustable,BR006,17,629,,
APP000590,25/04/2024,Submitted,211519.73,Fixed,BR004,11,802,,
APP000201,25/04/2024,In Review,378580.02,Fixed,BR002,24,641,,
APP000357,26/04/2024,Submitted,418947.05,FHA,BR006,18,679,,
APP000355,28/04/2024,Submitted,275584.34,Fixed,BR008,19,721,,
APP000605,29/04/2024,Submitted,374209.54,Fixed,BR008,19,835,,
APP000289,30/04/2024,Submitted,253229.88,Fixed,BR006,4,791,,
APP000644,02/05/2024,Submitted,216079.03,Fixed,BR001,23,617,,
APP000710,02/05/2024,In Review,426258.41,FHA,BR007,14,794,,
APP000825,05/05/2024,In Review,251725.65,Adjustable,BR010,5,833,,
APP000416,05/05/2024,In Review,344047.47,VA,BR002,27,754,,
APP000662,07/05/2024,Funded,417347.39,Adjustable,BR005,12,700,,
APP000276,08/05/2024,In Review,232837.66,FHA,BR008,29,780,,
APP000466,12/05/2024,Submitted,177605.97,Adjustable,BR001,19,716,,
APP000224,12/05/2024,Submitted,235306.32,FHA,BR008,23,782,,
APP000933,13/05/2024,Funded,82733.05,FHA,BR002,28,631,,
APP000404,16/05/2024,Approved,142949.94,Fixed,BR010,29,790,,
APP000908,17/05/2024,Submitted,320115.97,Fixed,BR004,10,785,,
APP000788,17/05/2024,In Review,351593.92,Fixed,BR003,16,721,,
APP000873,20/05/2024,In Review,319438.43,FHA,BR002,22,612,,
APP000709,23/05/2024,Submitted,147434.37,Fixed,BR003,11,744,,
APP000765,24/05/2024,Submitted,239778.79,Fixed,BR009,9,685,,
APP000726,24/05/2024,Approved,254677.2,Fixed,BR010,3,681,,
APP000048,26/05/2024,In Review,247714,Adjustable,BR007,14,681,,
APP000805,26/05/2024,In Review,342881.65,Fixed,BR010,13,638,,
APP000706,27/05/2024,Funded,393259.08,FHA,BR008,6,609,,
APP000657,28/05/2024,Submitted,275130.89,Fixed,BR001,25,605,,
APP000111,29/05/2024,Submitted,382048.22,Fixed,BR005,13,706,,
APP000886,29/05/2024,Submitted,297713.19,Fixed,BR007,3,807,,
APP000042,30/05/2024,In Review,440934.74,Fixed,BR010,1,678,,
APP000619,31/05/2024,Approved,420041.39,Adjustable,BR004,13,680,,
APP000394,01/06/2024,Approved,293740.69,Adjustable,BR001,12,825,,
APP000925,03/06/2024,In Review,340981.87,Fixed,BR002,23,817,,
APP000960,03/06/2024,Approved,471061.34,Fixed,BR009,22,664,,
APP000926,03/06/2024,Submitted,275874.23,Adjustable,BR003,17,687,,
APP000948,03/06/2024,Funded,380805.78,Fixed,BR006,19,847,,
APP000229,03/06/2024,Approved,404955.27,Adjustable,BR010,25,820,,
APP000647,03/06/2024,In Review,505620.71,Fixed,BR008,11,722,,
APP000688,04/06/2024,Submitted,339467.15,FHA,BR001,23,765,,
APP000493,06/06/2024,Submitted,190768.72,Fixed,BR010,1,756,,
APP000121,06/06/2024,Approved,336867.33,Fixed,BR006,13,709,,
APP000826,08/06/2024,Funded,204667.14,Fixed,BR004,10,625,,
APP000281,09/06/2024,Approved,377169.87,Fixed,BR008,1,653,,
APP000913,09/06/2024,In Review,387129.73,Fixed,BR001,27,707,,
APP000881,09/06/2024,Submitted,431711.51,VA,BR004,4,693,,
APP000260,11/06/2024,Submitted,404709.83,Fixed,BR007,26,771,,
APP000388,11/06/2024,Submitted,356390.91,Fixed,BR001,18,823,,
APP000400,12/06/2024,Approved,189641.07,Fixed,BR002,18,808,,
APP000563,14/06/2024,Submitted,343693.82,Adjustable,BR001,10,785,,
APP000987,15/06/2024,In Review,517094.27,FHA,BR008,27,652,,
APP000279,17/06/2024,Approved,354360.02,Fixed,BR008,27,722,,
APP000651,19/06/2024,Submitted,330740.67,FHA,BR008,11,650,,
APP000917,20/06/2024,Submitted,199966.87,Fixed,BR007,25,828,,
APP000403,20/06/2024,In Review,391831.66,Fixed,BR008,2,714,,
APP000730,20/06/2024,Submitted,447753.01,Fixed,BR010,13,611,,
APP000679,22/06/2024,Funded,428975.28,FHA,BR004,13,692,,
APP000993,22/06/2024,Submitted,237735.06,Fixed,BR008,3,700,,
APP000690,23/06/2024,Submitted,344460.27,Fixed,BR004,5,705,,
APP000348,23/06/2024,Submitted,224572.41,Fixed,BR006,13,791,,
APP000632,23/06/2024,Approved,355623,FHA,BR005,12,699,,
APP000623,24/06/2024,Submitted,418570.42,Fixed,BR006,22,683,,
APP000725,24/06/2024,In Review,282981.54,Adjustable,BR008,13,731,,
APP000133,26/06/2024,Submitted,324938.37,Fixed,BR003,22,681,,
APP000319,27/06/2024,Submitted,391632.77,Fixed,BR002,27,749,,
APP000390,27/06/2024,Approved,385341.56,Fixed,BR004,6,702,,
APP000942,27/06/2024,In Review,274045.33,Fixed,BR008,21,768,,
APP000421,29/06/2024,Approved,312522.45,Fixed,BR008,28,786,,
APP000795,30/06/2024,Submitted,346643,FHA,BR002,5,650,,
APP000553,02/07/2024,In Review,278655.71,FHA,BR002,13,788,,
APP000149,06/07/2024,Submitted,456552.4,VA,BR003,20,686,,
APP000556,07/07/2024,In Review,266291.4,FHA,BR005,25,728,,
APP000386,07/07/2024,Approved,543975.24,Fixed,BR010,7,613,,
APP000233,09/07/2024,In Review,507526.09,Adjustable,BR007,29,725,,
APP000255,10/07/2024,Submitted,251681.35,Adjustable,BR001,27,794,,
APP000371,11/07/2024,Submitted,200860.77,FHA,BR006,12,696,,
APP000078,11/07/2024,Submitted,347141.56,Fixed,BR002,24,721,,
APP000770,12/07/2024,Approved,422693.32,VA,BR005,10,766,,
APP000252,13/07/2024,Submitted,133141.59,Fixed,BR005,19,709,,
APP000262,15/07/2024,Funded,254111.57,Fixed,BR002,23,634,,
APP000073,15/07/2024,Submitted,236261.29,Adjustable,BR002,23,621,,
APP000637,17/07/2024,In Review,305701.31,FHA,BR008,26,643,,
APP000868,18/07/2024,Submitted,398573,Fixed,BR004,11,785,,
APP000450,21/07/2024,Submitted,521052.3,FHA,BR001,3,709,,
APP000842,21/07/2024,In Review,156172.2,Fixed,BR004,29,812,,
APP000470,21/07/2024,Funded,144410.44,Fixed,BR001,8,767,,
APP000759,21/07/2024,Approved,183008.32,FHA,BR003,29,803,,
APP000835,23/07/2024,In Review,281952.01,Fixed,BR004,28,686,,
APP000407,23/07/2024,Submitted,201751.26,Fixed,BR001,2,650,,
APP000739,24/07/2024,In Review,197581.32,Fixed,BR008,19,790,,
APP000587,25/07/2024,Submitted,297269.55,FHA,BR002,9,779,,
APP000772,26/07/2024,Approved,279632.62,Fixed,BR007,20,815,,
APP000128,26/07/2024,Approved,374625.36,Fixed,BR004,28,600,,
APP000884,28/07/2024,Submitted,239217.8,Fixed,BR009,12,622,,
APP000598,29/07/2024,Submitted,403990.47,Fixed,BR005,12,643,,
APP000069,29/07/2024,Submitted,236226,FHA,BR002,23,683,,
APP000949,29/07/2024,Approved,336728.73,Fixed,BR009,20,726,,
APP000392,31/07/2024,In Review,328119.14,Fixed,BR006,26,670,,
APP000523,01/08/2024,Funded,282504.02,Fixed,BR008,11,780,,
APP000983,01/08/2024,Submitted,307543.36,Adjustable,BR008,18,667,,
APP000520,02/08/2024,Submitted,332169.78,VA,BR002,25,776,,
APP000354,03/08/2024,Submitted,345353.43,FHA,BR007,22,654,,
APP000866,04/08/2024,In Review,342830.71,Fixed,BR006,3,738,,
APP000762,07/08/2024,Submitted,477225.16,Fixed,BR001,21,781,,
APP000385,07/08/2024,Approved,402257.04,Adjustable,BR004,3,660,,
APP000628,08/08/2024,Approved,450133.37,VA,BR009,28,782,,
APP000168,10/08/2024,Submitted,230809.19,Fixed,BR003,6,745,,
APP000481,10/08/2024,In Review,355832.69,Adjustable,BR006,25,744,,
APP000851,10/08/2024,Submitted,348473.28,FHA,BR006,12,778,,
APP000361,11/08/2024,Submitted,270243.65,VA,BR003,1,807,,
APP000832,12/08/2024,In Review,143680.92,Fixed,BR004,2,779,,
APP000335,14/08/2024,Submitted,315041.89,FHA,BR003,12,622,,
APP000303,16/08/2024,In Review,267836.49,Fixed,BR008,19,836,,
APP000758,17/08/2024,In Review,246729.92,Fixed,BR010,25,705,,
APP000469,18/08/2024,Submitted,323378.59,VA,BR008,13,693,,
APP000418,19/08/2024,Submitted,355249,Fixed,BR005,14,808,,
APP000029,22/08/2024,In Review,425575.61,VA,BR002,15,697,,
APP000504,23/08/2024,Approved,395670.23,VA,BR008,25,804,,
APP000595,23/08/2024,Approved,447117.03,Fixed,BR010,22,648,,
APP000524,24/08/2024,Approved,224425.48,FHA,BR006,14,730,,
APP000961,25/08/2024,Submitted,289555.08,Adjustable,BR010,4,731,,
APP000158,26/08/2024,Approved,370835.64,FHA,BR010,14,781,,
APP000863,28/08/2024,In Review,292035.86,FHA,BR007,6,686,,
APP000192,30/08/2024,Approved,231894.83,FHA,BR006,6,713,,
APP000666,30/08/2024,Submitted,234864.31,Adjustable,BR006,15,668,,
APP000109,31/08/2024,Submitted,359065.48,FHA,BR005,12,665,,
APP000821,01/09/2024,Approved,281710.36,FHA,BR004,4,848,,
APP000604,02/09/2024,Submitted,239428.51,FHA,BR001,1,697,,
APP000025,02/09/2024,In Review,256550.38,Adjustable,BR007,12,789,,
APP000571,03/09/2024,In Review,182988.7,Fixed,BR008,18,679,,
APP000291,03/09/2024,Submitted,295307.94,VA,BR002,22,616,,
APP000035,03/09/2024,Funded,403184.45,VA,BR004,20,821,,
APP000626,03/09/2024,Submitted,224320.49,Fixed,BR001,16,645,,
APP000370,04/09/2024,Submitted,215303.87,Fixed,BR009,21,633,,
APP000912,05/09/2024,Submitted,252509.63,FHA,BR001,7,802,,
APP000831,06/09/2024,Submitted,270818.87,FHA,BR007,7,656,,
APP000566,08/09/2024,In Review,151510.2,Fixed,BR010,18,830,,
APP000756,08/09/2024,Approved,140529.69,VA,BR006,18,635,,
APP000272,09/09/2024,Approved,339580.35,Fixed,BR005,10,778,,
APP000533,09/09/2024,Funded,439020.75,Fixed,BR008,27,776,,
APP000347,11/09/2024,In Review,330263.55,Fixed,BR005,26,654,,
APP000358,11/09/2024,In Review,177239.22,Adjustable,BR006,5,686,,
APP000492,11/09/2024,In Review,360913.81,Fixed,BR004,12,776,,
APP000629,11/09/2024,Submitted,267732.02,Fixed,BR010,13,611,,
APP000935,13/09/2024,Submitted,246467.18,Adjustable,BR004,11,828,,
APP000326,14/09/2024,Approved,196009.41,Fixed,BR001,14,844,,
APP000184,14/09/2024,Approved,370900.38,Adjustable,BR005,7,669,,
APP000058,15/09/2024,Submitted,200164.6,Fixed,BR010,29,735,,
APP000602,15/09/2024,Submitted,251208.86,Fixed,BR009,28,815,,
APP000322,16/09/2024,Approved,50000,Fixed,BR001,5,683,,
APP000034,17/09/2024,Funded,319655.48,Fixed,BR009,27,759,,
APP000887,18/09/2024,In Review,200069.78,Fixed,BR004,23,664,,
APP000924,20/09/2024,Approved,410969.98,Adjustable,BR008,25,625,,
APP000649,21/09/2024,Approved,277874.64,FHA,BR001,23,821,,
APP000577,21/09/2024,Submitted,245375.56,VA,BR007,3,689,,
APP000781,21/09/2024,In Review,297863.27,Fixed,BR007,8,788,,
APP000043,21/09/2024,Submitted,529889.81,Adjustable,BR004,21,835,,
APP000090,22/09/2024,In Review,501020.45,Fixed,BR006,21,825,,
APP000132,22/09/2024,Submitted,321915.03,Fixed,BR001,13,724,,
APP000382,24/09/2024,In Review,529094.26,Adjustable,BR004,12,734,,
APP000055,24/09/2024,In Review,296531.51,FHA,BR005,3,752,,
APP000320,24/09/2024,Submitted,334648.85,Adjustable,BR003,27,631,,
APP000945,28/09/2024,Submitted,206456.13,Adjustable,BR010,7,777,,
APP000968,29/09/2024,Submitted,350109.42,Fixed,BR003,7,820,,
APP000954,01/10/2024,Funded,269682.02,Adjustable,BR010,9,698,,
APP000975,01/10/2024,Submitted,351120.26,Fixed,BR005,12,830,,
APP000549,01/10/2024,In Review,179030.53,Fixed,BR007,16,645,,
APP000624,04/10/2024,In Review,371895.33,Fixed,BR008,16,619,,
APP000275,05/10/2024,In Review,244969.48,FHA,BR008,16,620,,
APP000314,05/10/2024,Funded,305194.59,Fixed,BR008,28,724,,
APP000057,08/10/2024,Submitted,455050.05,Fixed,BR004,9,613,,
APP000568,08/10/2024,In Review,393431.99,VA,BR004,12,733,,
APP000978,08/10/2024,Submitted,395287.45,Fixed,BR008,27,750,,
APP000151,09/10/2024,Funded,244480.05,Fixed,BR005,19,705,,
APP000125,10/10/2024,Submitted,319109.91,Adjustable,BR001,28,792,,
APP000888,10/10/2024,Submitted,249522.51,Fixed,BR003,14,739,,
APP000557,10/10/2024,Submitted,238659.73,VA,BR009,20,648,,
APP000833,12/10/2024,Submitted,388310.98,Fixed,BR005,22,831,,
APP000040,12/10/2024,In Review,406548.04,VA,BR005,15,633,,
APP000219,14/10/2024,In Review,242882.1,Fixed,BR002,28,798,,
APP000525,16/10/2024,Approved,353650.98,Fixed,BR010,28,793,,
APP000398,16/10/2024,In Review,290166.04,Fixed,BR010,4,725,,
APP000066,16/10/2024,In Review,349245.13,VA,BR008,27,655,,
APP000594,17/10/2024,Submitted,138643.86,Fixed,BR005,24,629,,
APP000519,18/10/2024,Funded,326739.23,Adjustable,BR009,11,691,,
APP000489,19/10/2024,Funded,226447.01,Adjustable,BR006,24,616,,
APP000052,20/10/2024,Approved,208134.81,Fixed,BR001,13,846,,
APP000685,20/10/2024,Funded,241947.66,Fixed,BR001,13,748,,
APP000867,20/10/2024,Submitted,281285.57,FHA,BR006,18,793,,
APP000032,20/10/2024,Submitted,256026.89,Fixed,BR002,5,695,,
APP000103,20/10/2024,Submitted,251056.06,FHA,BR001,3,764,,
APP000844,22/10/2024,Funded,233185.59,FHA,BR009,26,617,,
APP000977,22/10/2024,In Review,286255.15,Fixed,BR007,9,804,,
APP000923,22/10/2024,Approved,363472.15,Fixed,BR010,29,734,,
APP000341,22/10/2024,In Review,410552.59,Fixed,BR007,7,626,,
APP000897,23/10/2024,Submitted,421715.85,Fixed,BR010,16,604,,
APP000814,23/10/2024,Funded,390393.48,Fixed,BR008,21,695,,
APP000475,24/10/2024,In Review,422766.9,Fixed,BR003,16,745,,
APP000838,24/10/2024,Submitted,224820.89,Fixed,BR010,8,663,,
APP000919,27/10/2024,Approved,351390.78,Adjustable,BR010,24,803,,
APP000433,27/10/2024,In Review,228159.27,FHA,BR009,21,787,,
APP000102,28/10/2024,In Review,246913.12,Adjustable,BR004,1,704,,
APP000375,29/10/2024,Submitted,464201.52,Fixed,BR001,11,670,,
APP000845,01/11/2024,Submitted,487329.78,FHA,BR006,19,774,,
APP000999,01/11/2024,Funded,257069.78,Fixed,BR006,16,668,,
APP000503,02/11/2024,Submitted,370810.87,VA,BR008,12,608,,
APP000487,02/11/2024,Submitted,288877.39,FHA,BR004,9,644,,
APP000221,02/11/2024,In Review,439935.54,FHA,BR006,9,813,,
APP000494,03/11/2024,Submitted,268359.16,Fixed,BR004,10,822,,
APP000510,03/11/2024,Approved,84710.94,Adjustable,BR008,14,846,,
APP000970,03/11/2024,In Review,400104.61,Fixed,BR008,1,839,,
APP000928,04/11/2024,In Review,489988.19,Adjustable,BR010,24,615,,
APP000081,04/11/2024,Approved,320292.3,Fixed,BR009,22,770,,
APP000258,05/11/2024,In Review,153562.51,Adjustable,BR002,22,746,,
APP000967,07/11/2024,Approved,397519.76,Adjustable,BR001,8,750,,
APP000558,07/11/2024,Submitted,269753.03,VA,BR004,22,624,,
APP000864,08/11/2024,In Review,345237.18,Fixed,BR003,3,779,,
APP000089,08/11/2024,Approved,365854.43,Adjustable,BR007,26,766,,
APP000150,09/11/2024,Submitted,293424.97,Fixed,BR005,24,713,,
APP000353,09/11/2024,In Review,461371.13,VA,BR004,24,729,,
APP000360,10/11/2024,In Review,370117.27,Fixed,BR005,10,718,,
APP000435,11/11/2024,Submitted,270505.03,FHA,BR001,10,790,,
APP000766,12/11/2024,In Review,346877.43,Fixed,BR009,16,748,,
APP000216,12/11/2024,Submitted,271889.97,FHA,BR005,14,623,,
APP000074,14/11/2024,Approved,418901.65,Fixed,BR002,11,634,,
APP000673,14/11/2024,Submitted,324075.32,Fixed,BR007,20,622,,
APP000191,15/11/2024,Submitted,312810.44,Fixed,BR010,26,651,,
APP000731,15/11/2024,Submitted,185831.09,FHA,BR002,17,680,,
APP000393,17/11/2024,Submitted,310420.11,Fixed,BR004,1,689,,
APP000246,17/11/2024,Funded,343632.37,FHA,BR007,29,616,,
APP000774,17/11/2024,Submitted,217311.96,VA,BR002,28,734,,
APP000621,17/11/2024,Submitted,195308.9,VA,BR001,28,723,,
APP000505,18/11/2024,In Review,221401.05,FHA,BR001,17,678,,
APP000401,21/11/2024,Submitted,317989.42,Fixed,BR007,4,696,,
APP000179,22/11/2024,Funded,356976.73,Adjustable,BR007,27,847,,
APP000212,23/11/2024,In Review,95826.51,FHA,BR003,4,664,,
APP000611,25/11/2024,Submitted,345997.21,Adjustable,BR010,5,767,,
APP000327,25/11/2024,In Review,361277.39,Fixed,BR009,26,657,,
APP000480,25/11/2024,In Review,294423.09,VA,BR008,21,708,,
APP000797,25/11/2024,Funded,138486.82,Fixed,BR010,15,719,,
APP000391,25/11/2024,Funded,375892.86,Fixed,BR001,5,609,,
APP000703,26/11/2024,Submitted,472696.39,FHA,BR009,11,837,,
APP000757,26/11/2024,In Review,351360.01,Fixed,BR007,2,820,,
APP000988,26/11/2024,In Review,282411.42,Adjustable,BR006,17,705,,
APP000858,28/11/2024,In Review,342359.91,Adjustable,BR006,26,724,,
APP000186,29/11/2024,In Review,444011.72,VA,BR007,7,849,,
APP000840,02/12/2024,In Review,414844.57,Adjustable,BR005,21,831,,
APP000336,02/12/2024,Submitted,336496.1,FHA,BR007,12,753,,
APP000763,03/12/2024,Submitted,466125.92,Fixed,BR002,26,841,,
APP000892,03/12/2024,Approved,263317.56,FHA,BR005,4,848,,
APP000332,04/12/2024,Approved,321743.29,Fixed,BR002,22,644,,
APP000778,07/12/2024,Approved,219682.1,Adjustable,BR010,9,765,,
APP000820,07/12/2024,Submitted,227199.71,Fixed,BR008,13,709,,
APP000431,07/12/2024,Submitted,175613.68,Adjustable,BR009,5,688,,
APP000479,09/12/2024,Funded,229498.81,Fixed,BR003,13,673,,
APP000950,10/12/2024,In Review,483818.37,Fixed,BR004,16,606,,
APP000483,11/12/2024,In Review,353875.6,Adjustable,BR006,15,641,,
APP000808,11/12/2024,Funded,263297.22,FHA,BR010,9,786,,
APP000683,13/12/2024,Submitted,279097.67,VA,BR008,8,748,,
APP000251,13/12/2024,Submitted,274262.35,FHA,BR007,25,806,,
APP000018,14/12/2024,In Review,368150.07,Fixed,BR004,13,614,,
APP000495,16/12/2024,In Review,421309.77,Fixed,BR010,11,731,,
APP000573,19/12/2024,Submitted,354146.27,Fixed,BR010,25,832,,
APP000486,20/12/2024,Funded,158628.55,Fixed,BR003,2,700,,
APP000397,20/12/2024,Approved,130704.32,Fixed,BR008,11,748,,
APP000527,21/12/2024,In Review,302818.12,Adjustable,BR010,27,641,,
APP000199,21/12/2024,Approved,141609.72,Fixed,BR006,14,774,,
APP000100,23/12/2024,Submitted,418839.33,Adjustable,BR010,16,615,,
APP000024,25/12/2024,Submitted,253772.47,Fixed,BR008,15,730,,
APP000009,26/12/2024,In Review,292983.43,Fixed,BR009,8,681,,
APP000185,27/12/2024,Submitted,291026.43,Fixed,BR005,11,813,,
APP000299,27/12/2024,In Review,450075.98,Adjustable,BR005,3,707,,
APP000225,29/12/2024,Submitted,369822.33,Fixed,BR006,18,659,,
APP000146,29/12/2024,Submitted,147681.31,FHA,BR007,13,661,,
APP000914,30/12/2024,In Review,165402.03,Fixed,BR001,10,755,,
APP000716,30/12/2024,Funded,500609.29,FHA,BR002,3,702,,
APP000440,31/12/2024,Submitted,514514.91,Fixed,BR009,7,624,,
APP000627,01/01/2025,In Review,157818.93,FHA,BR001,3,730,,
APP000453,01/01/2025,In Review,291171.8,VA,BR005,15,744,,
APP000308,03/01/2025,Submitted,323878.92,Adjustable,BR007,11,670,,
APP000513,04/01/2025,Funded,299392.91,VA,BR004,25,779,,
APP000567,05/01/2025,Submitted,50000,Fixed,BR010,15,691,,
APP000088,06/01/2025,In Review,333445.68,Fixed,BR004,1,684,,
APP000689,08/01/2025,Approved,180411.69,Fixed,BR003,20,671,,
APP000316,08/01/2025,In Review,291928.34,Fixed,BR009,16,828,,
APP000406,08/01/2025,Approved,394077.12,Adjustable,BR005,22,769,,
APP000383,08/01/2025,In Review,161042.75,FHA,BR007,22,704,,
APP000183,11/01/2025,Funded,319652.12,Fixed,BR007,24,639,,
APP000889,14/01/2025,Submitted,384062,Fixed,BR010,17,623,,
APP000738,14/01/2025,Approved,363081.17,Fixed,BR006,29,610,,
APP000576,14/01/2025,Funded,50000,Fixed,BR001,19,753,,
APP000876,14/01/2025,Submitted,270459.86,Fixed,BR004,19,667,,
APP000369,14/01/2025,Submitted,459450.51,FHA,BR008,22,756,,
APP000580,14/01/2025,Submitted,318335.99,Adjustable,BR005,26,760,,
APP000112,17/01/2025,Submitted,350727.4,Fixed,BR008,20,699,,
APP000500,20/01/2025,Funded,269088.35,Fixed,BR003,17,646,,
APP000379,22/01/2025,Approved,398176.55,Adjustable,BR009,20,630,,
APP000752,23/01/2025,Funded,123156.06,VA,BR003,16,812,,
APP000372,26/01/2025,Submitted,84660.99,FHA,BR003,23,768,,
APP000585,26/01/2025,In Review,419657.15,FHA,BR003,12,662,,
APP000735,26/01/2025,Submitted,291731.93,Fixed,BR005,25,735,,
APP000152,26/01/2025,Submitted,488115.71,Fixed,BR010,16,815,,
APP000278,28/01/2025,In Review,417272.9,Fixed,BR007,6,835,,
APP000789,29/01/2025,In Review,143745.41,Adjustable,BR005,15,733,,
APP000727,29/01/2025,Submitted,369638.74,Fixed,BR004,1,796,,
APP000464,30/01/2025,In Review,198524.33,Adjustable,BR008,15,680,,
APP000853,30/01/2025,Submitted,235645.02,Adjustable,BR003,17,845,,
APP000943,31/01/2025,In Review,373881.05,Fixed,BR009,22,780,,
APP000665,01/02/2025,Submitted,339968.8,FHA,BR006,19,786,,
APP000749,02/02/2025,Funded,251115.06,Fixed,BR006,19,652,,
APP000409,02/02/2025,Funded,355005.21,VA,BR007,6,803,,
APP000783,03/02/2025,Submitted,57575.97,Fixed,BR009,13,685,,
APP000410,03/02/2025,Submitted,203165.55,Adjustable,BR002,10,655,,
APP000911,04/02/2025,In Review,358669.38,VA,BR002,13,729,,
APP000307,05/02/2025,In Review,403028.35,Adjustable,BR001,27,615,,
APP000205,06/02/2025,In Review,299639.75,Fixed,BR002,25,797,,
APP000687,07/02/2025,In Review,466990.45,FHA,BR002,17,610,,
APP000451,09/02/2025,Approved,244250.82,VA,BR010,6,719,,
APP000879,10/02/2025,Submitted,199345.74,Fixed,BR006,24,809,,
APP000454,11/02/2025,Funded,557970.93,Fixed,BR008,6,815,,
APP000829,11/02/2025,Approved,332307.93,Fixed,BR007,9,622,,
APP000616,12/02/2025,Funded,318468.03,FHA,BR008,8,678,,
APP000197,13/02/2025,Approved,254769.37,VA,BR001,21,677,,
APP000020,16/02/2025,Submitted,302975.61,Fixed,BR003,14,635,,
APP000457,16/02/2025,Submitted,467770.08,Fixed,BR006,19,729,,
APP000591,17/02/2025,Submitted,282705.39,Fixed,BR001,23,601,,
APP000704,17/02/2025,Submitted,260036.38,FHA,BR007,25,633,,
APP000686,19/02/2025,In Review,358857.84,Fixed,BR007,13,720,,
APP000153,19/02/2025,Submitted,155198.61,Adjustable,BR003,7,655,,
APP000711,20/02/2025,Approved,244814.19,Fixed,BR010,2,789,,
APP001000,20/02/2025,In Review,230757.9,Fixed,BR003,29,781,,
APP000630,21/02/2025,Submitted,274916.7,Adjustable,BR006,14,639,,
APP000054,22/02/2025,Approved,223220.24,Fixed,BR003,20,791,,
APP000114,23/02/2025,Approved,416929.56,Adjustable,BR006,7,663,,
APP000974,23/02/2025,Submitted,116936.71,FHA,BR002,7,818,,
APP000768,24/02/2025,Approved,330179.19,Fixed,BR010,7,649,,
APP000522,24/02/2025,Submitted,399204.23,Fixed,BR010,13,823,,
APP000223,26/02/2025,Submitted,305963.04,FHA,BR008,13,784,,
APP000430,26/02/2025,Submitted,474957.67,Fixed,BR001,23,614,,
APP000834,28/02/2025,Submitted,292216.28,Fixed,BR003,24,725,,
APP000447,28/02/2025,Funded,304381.15,Fixed,BR003,28,772,,
APP000812,01/03/2025,Approved,50000,Fixed,BR002,14,656,,
APP000916,02/03/2025,In Review,493892.9,Adjustable,BR010,4,676,,
APP000855,03/03/2025,Submitted,266522.47,Fixed,BR002,2,709,,
APP000261,04/03/2025,In Review,468392.77,Fixed,BR010,6,825,,
APP000082,04/03/2025,In Review,148425.59,Adjustable,BR003,26,616,,
APP000265,05/03/2025,Approved,282737.27,Fixed,BR006,7,728,,
APP000578,05/03/2025,Funded,339180.4,Adjustable,BR004,7,677,,
APP000038,05/03/2025,Submitted,388963.08,Fixed,BR010,27,612,,
APP000904,06/03/2025,In Review,332435.93,FHA,BR008,28,602,,
APP000346,07/03/2025,In Review,185365.46,FHA,BR001,23,708,,
APP000515,07/03/2025,Submitted,308182.94,FHA,BR009,11,816,,
APP000902,08/03/2025,Submitted,297580.44,Fixed,BR007,8,682,,
APP000801,08/03/2025,Approved,320056.92,Fixed,BR003,29,669,,
APP000202,08/03/2025,Submitted,342545.76,FHA,BR001,16,778,,
APP000777,10/03/2025,Submitted,391358.46,Adjustable,BR010,29,753,,
APP000065,11/03/2025,Submitted,316645.22,Adjustable,BR008,28,688,,
APP000449,13/03/2025,Submitted,396387.91,VA,BR001,15,767,,
APP000443,13/03/2025,Submitted,363377.69,Fixed,BR008,15,770,,
APP000986,14/03/2025,In Review,215675.34,Fixed,BR006,9,758,,
APP000593,16/03/2025,Submitted,162809.89,Adjustable,BR007,23,707,,
APP000547,16/03/2025,Submitted,206066.46,Fixed,BR004,8,606,,
APP000584,16/03/2025,Submitted,202693.11,Fixed,BR007,13,811,,
APP000408,18/03/2025,Submitted,277536.69,Fixed,BR009,12,791,,
APP000907,18/03/2025,Approved,253538.27,VA,BR005,19,722,,
APP000482,18/03/2025,In Review,307600.54,Fixed,BR002,7,617,,
APP000507,18/03/2025,Funded,116379.46,Adjustable,BR002,26,614,,
APP000187,19/03/2025,Approved,232360.77,VA,BR009,29,792,,
APP000963,19/03/2025,Submitted,307005.22,FHA,BR002,27,707,,
APP000729,21/03/2025,Submitted,308840.69,Adjustable,BR006,25,729,,
APP000104,21/03/2025,In Review,404416.09,Adjustable,BR008,28,831,,
APP000663,21/03/2025,In Review,318102.16,Fixed,BR010,18,647,,
APP000861,21/03/2025,Approved,302421.95,FHA,BR004,10,652,,
APP000530,21/03/2025,Approved,347469.82,FHA,BR010,28,835,,
APP000705,23/03/2025,Submitted,322468.47,Fixed,BR002,29,768,,
APP000343,23/03/2025,Submitted,363873.02,Fixed,BR009,1,696,,
APP000748,26/03/2025,In Review,454324.35,Fixed,BR005,10,723,,
APP000755,27/03/2025,Submitted,253396.35,Fixed,BR004,23,607,,
APP000981,28/03/2025,Submitted,463996.45,Fixed,BR005,21,821,,
APP000810,29/03/2025,Submitted,308614.39,Adjustable,BR007,3,783,,
APP000544,31/03/2025,In Review,348650.16,Fixed,BR002,16,699,,
APP000176,31/03/2025,Submitted,411729.58,FHA,BR006,3,795,,
APP000413,31/03/2025,Funded,239863.24,FHA,BR001,25,631,,
APP000625,31/03/2025,In Review,399604.77,Fixed,BR005,28,786,,
APP000178,05/04/2025,Submitted,345675.32,Adjustable,BR002,8,670,,
APP000843,06/04/2025,Submitted,391922.89,VA,BR004,14,601,,
APP000143,08/04/2025,In Review,313296.97,Fixed,BR002,26,827,,
APP000428,08/04/2025,Approved,233709.91,Fixed,BR007,22,798,,
APP000456,09/04/2025,In Review,463911.68,Fixed,BR008,29,656,,
APP000614,09/04/2025,Submitted,313653.53,Fixed,BR010,2,800,,
APP000490,10/04/2025,Approved,423609.32,Fixed,BR010,17,672,,
APP000236,10/04/2025,Approved,319791.08,Fixed,BR005,4,768,,
APP000670,11/04/2025,Submitted,302127.16,Adjustable,BR001,7,730,,
APP000664,12/04/2025,Submitted,170316.81,VA,BR004,24,734,,
APP000214,12/04/2025,Submitted,231801.58,Fixed,BR010,17,840,,
APP000959,13/04/2025,Submitted,395030.76,FHA,BR010,24,797,,
APP000920,14/04/2025,Submitted,317958.18,FHA,BR008,18,601,,
APP000809,14/04/2025,In Review,217240.98,Fixed,BR004,8,617,,
APP000830,16/04/2025,In Review,274764.65,FHA,BR010,20,825,,
APP000583,16/04/2025,In Review,311958.04,Fixed,BR008,22,644,,
APP000642,18/04/2025,Submitted,407250.73,VA,BR001,1,699,,
APP000461,18/04/2025,Submitted,262087.23,Adjustable,BR005,23,815,,
APP000790,22/04/2025,Funded,247094.73,FHA,BR005,3,744,,
APP000173,23/04/2025,In Review,174846.06,Fixed,BR001,10,849,,
APP000139,27/04/2025,Submitted,255356.64,Fixed,BR003,10,627,,
APP000213,28/04/2025,In Review,275282.26,VA,BR008,11,781,,
APP000501,29/04/2025,In Review,313354.09,VA,BR010,25,706,,
APP000226,29/04/2025,Submitted,339348.54,FHA,BR004,28,698,,
APP000869,29/04/2025,Approved,418738.61,Fixed,BR009,22,817,,
APP000497,30/04/2025,In Review,531932.95,VA,BR009,14,747,,
APP000600,30/04/2025,Submitted,482600.97,VA,BR006,28,612,,
APP000129,01/05/2025,Submitted,364548.42,Adjustable,BR010,20,815,,
APP000295,01/05/2025,Submitted,399626.68,Fixed,BR007,7,734,,
APP000612,01/05/2025,Approved,232228.46,Fixed,BR009,26,665,,
APP000827,01/05/2025,Submitted,312267.03,FHA,BR006,28,624,,
APP000574,01/05/2025,In Review,375915.52,Fixed,BR005,23,677,,
APP000615,03/05/2025,Approved,263467.84,Fixed,BR005,3,686,,
APP000659,03/05/2025,In Review,349097.5,FHA,BR009,23,754,,
APP000674,05/05/2025,In Review,560168.31,FHA,BR003,27,780,,
APP000753,05/05/2025,In Review,332316.77,Fixed,BR006,12,811,,
APP000994,05/05/2025,In Review,319460.75,FHA,BR009,20,839,,
APP000094,06/05/2025,In Review,226907,FHA,BR004,2,830,,
APP000734,07/05/2025,In Review,113346.34,FHA,BR009,2,605,,
APP000434,09/05/2025,Submitted,389492.44,Fixed,BR006,27,621,,
APP000597,14/05/2025,In Review,233092.73,Fixed,BR007,18,817,,
APP000764,14/05/2025,Approved,254290.37,Fixed,BR001,6,812,,
APP000847,15/05/2025,Submitted,255267.81,VA,BR002,23,828,,
APP000932,15/05/2025,Approved,287961.88,Fixed,BR001,2,672,,
APP000899,15/05/2025,Submitted,399831.09,Adjustable,BR002,22,757,,
APP000804,16/05/2025,In Review,306167.98,Fixed,BR005,10,725,,
APP000782,17/05/2025,In Review,225278.83,VA,BR009,9,643,,
APP000080,17/05/2025,Submitted,363293.18,Fixed,BR006,29,712,,
APP000117,18/05/2025,Approved,283288.19,Fixed,BR008,22,761,,
APP000733,19/05/2025,In Review,228317.77,Fixed,BR010,11,697,,
APP000955,21/05/2025,In Review,379994.19,Fixed,BR009,13,742,,
APP000237,21/05/2025,Submitted,234858.2,Fixed,BR007,14,641,,
APP000850,22/05/2025,In Review,385277.37,Adjustable,BR005,20,634,,
APP000452,23/05/2025,In Review,163019.7,Adjustable,BR005,12,696,,
APP000294,23/05/2025,Submitted,171700.78,Adjustable,BR008,1,622,,
APP000015,25/05/2025,Submitted,191894.35,FHA,BR002,12,678,,
APP000570,25/05/2025,Submitted,277523.46,Adjustable,BR005,13,747,,
APP000269,29/05/2025,Submitted,447654.03,Fixed,BR005,17,797,,
APP000119,01/06/2025,Approved,420650.9,Adjustable,BR007,6,756,,
APP000822,01/06/2025,Submitted,437487.64,Fixed,BR005,24,779,,
APP000122,01/06/2025,Approved,260666.12,Fixed,BR002,11,696,,
APP000389,03/06/2025,Approved,359475.43,FHA,BR004,12,605,,
APP000240,03/06/2025,Submitted,342416.59,Fixed,BR003,28,630,,
APP000816,04/06/2025,In Review,199026.93,FHA,BR007,3,647,,
APP000806,05/06/2025,Approved,369310.56,VA,BR006,10,815,,
APP000093,05/06/2025,Approved,162068.08,Fixed,BR005,17,680,,
APP000359,05/06/2025,Funded,359740.01,Fixed,BR008,25,637,,
APP000412,07/06/2025,Funded,166597.45,Fixed,BR002,23,640,,
APP000373,07/06/2025,Submitted,236103.83,Fixed,BR010,29,768,,
APP000170,09/06/2025,In Review,324333.94,Fixed,BR002,20,781,,
APP000775,09/06/2025,Approved,277352.11,Fixed,BR008,24,736,,
APP000417,10/06/2025,Submitted,298036.22,Fixed,BR005,16,627,,
