application_id,customer_id,loan_balance,delinquency_status,default_flag,loan_to_value_ratio,credit_score_current,net_interest_margin,last_payment_date
APP000539,CUST000607,"65,136.43",90+ Days,Yes,83.86,701,2.53,25/06/2024
APP000534,CUST000934,"333,630.18",90+ Days,Yes,70.89,698,1.6,21/06/2024
APP000030,CUST000296,"366,884.36",90+ Days,Yes,65.23,778,2.33,06/12/2023
APP000840,CUST000817,"284,921.68",60 Days,No,71.37,784,1.63,30/03/2025
APP000252,CUST000810,"91,681.27",90+ Days,No,58.39,781,2.76,18/11/2024
APP000857,CUST000392,"348,112.12",90+ Days,Yes,77.69,625,2.72,22/01/2024
APP000520,CUST000269,"347,800.05",90+ Days,No,50,833,1.8,02/11/2024
APP000410,CUST000344,"192,863.02",60 Days,No,90.04,765,2.21,27/03/2025
APP000374,CUST000847,"229,940.22",90+ Days,Yes,75.75,848,2.38,14/11/2023
APP000887,CUST000972,"253,985.75",60 Days,No,96.06,724,2.26,24/03/2025
APP000759,CUST000782,"107,332.41",90+ Days,Yes,50,778,2.84,07/09/2024
APP000677,CUST000727,"267,562.03",90+ Days,Yes,72.08,845,3.13,20/11/2023
APP000600,CUST000684,"216,056.03",Current,No,70.07,809,2.59,28/08/2025
APP000385,CUST000648,"50,000.00",90+ Days,No,93.47,804,3.38,07/01/2025
APP000299,CUST000373,"368,664.75",Current,No,88.58,616,2,07/06/2025
APP000526,CUST000468,"166,649.80",90+ Days,Yes,84.52,708,2.34,18/06/2024
APP000946,CUST000687,"261,452.88",90+ Days,Yes,77.71,737,1.98,08/12/2023
APP000983,CUST000445,"274,936.56",90+ Days,No,63.95,789,2.34,12/11/2024
APP000011,CUST000529,"243,763.07",90+ Days,Yes,78.57,611,2.93,28/08/2023
APP000926,CUST000781,"233,906.36",90+ Days,No,55.78,768,2.1,27/10/2024
APP000335,CUST000222,"170,650.35",90+ Days,No,56.91,611,2.48,19/12/2024
APP000839,CUST000149,"245,915.70",90+ Days,Yes,73.93,711,2.82,01/05/2024
APP000219,CUST000913,"263,865.26",30 Days,No,83.77,820,1.74,20/04/2025
APP000628,CUST000492,"485,309.24",90+ Days,No,98.12,655,3.03,01/11/2024
APP000668,CUST000878,"206,932.67",90+ Days,Yes,84.43,607,1.66,04/06/2023
APP000718,CUST000859,"219,839.79",90+ Days,Yes,71.11,766,2.44,20/05/2024
APP000123,CUST000547,"314,732.56",90+ Days,Yes,65.38,720,3.13,17/04/2024
APP000080,CUST000229,"74,959.23",Current,No,83.53,841,2.45,10/12/2025
APP000573,CUST000159,"226,351.24",Current,No,76.99,847,1.75,19/05/2025
APP000992,CUST000500,"203,039.53",90+ Days,Yes,97.63,615,1.09,10/09/2023
APP000801,CUST000405,"142,608.28",Current,No,91.45,743,2.6,30/06/2025
APP000258,CUST000119,"394,915.66",90+ Days,No,75.25,616,1.99,08/02/2025
APP000492,CUST000496,"353,573.65",90+ Days,No,79,634,3.14,11/01/2025
APP000557,CUST000144,"207,845.78",90+ Days,No,58.35,829,2.73,25/01/2025
APP000931,CUST000407,"201,577.31",90+ Days,Yes,98.03,637,2.85,04/07/2023
APP000077,CUST000690,"266,031.64",90+ Days,Yes,74.82,604,2.74,26/05/2024
APP000901,CUST000281,"187,072.72",90+ Days,Yes,120,611,2.79,05/04/2024
APP000255,CUST000841,"119,315.01",90+ Days,No,52.05,685,2.86,17/12/2024
APP000872,CUST000864,"433,723.84",90+ Days,Yes,76.63,643,2.83,10/07/2024
APP000143,CUST000641,"260,195.10",Current,No,66.26,710,2.31,28/07/2025
APP000551,CUST000822,"370,353.66",90+ Days,Yes,55.64,806,1.86,26/11/2023
APP000995,CUST000037,"97,016.71",90+ Days,Yes,60.25,840,2.97,17/01/2024
APP000796,CUST000276,"167,530.01",90+ Days,Yes,88.6,683,2.38,23/05/2023
APP000800,CUST000258,"325,959.62",90+ Days,Yes,51.3,803,1.32,16/08/2023
APP000661,CUST000702,"145,363.95",90+ Days,Yes,72.9,725,3.37,12/07/2023
APP000956,CUST000981,"382,131.17",90+ Days,Yes,78.72,805,2.43,08/07/2024
APP000945,CUST000246,"250,041.80",90+ Days,No,72.5,822,2.08,11/12/2024
APP000415,CUST000200,"185,892.37",90+ Days,Yes,64.43,614,3.07,24/08/2023
APP000256,CUST000398,"302,751.50",90+ Days,Yes,69.75,601,2,23/08/2024
APP000461,CUST000418,"246,482.26",Current,No,51.19,803,2.66,13/09/2025
APP000292,CUST000263,"193,661.03",90+ Days,Yes,72.6,826,2.09,16/06/2024
APP000314,CUST000436,"114,562.11",90+ Days,No,96.63,689,2.42,28/02/2025
APP000619,CUST000508,"287,989.20",90+ Days,Yes,99.51,719,2.46,25/08/2024
APP000572,CUST000257,"50,000.00",90+ Days,Yes,82.19,731,2.84,07/05/2023
APP000105,CUST000895,"351,662.97",90+ Days,Yes,107.03,626,2.83,02/06/2024
APP000770,CUST000883,"158,188.48",90+ Days,Yes,70.75,803,2.3,13/09/2024
APP000837,CUST000557,"263,026.66",90+ Days,Yes,86.56,707,1.77,28/04/2024
APP000033,CUST000421,"230,193.35",90+ Days,Yes,115.72,610,2.64,01/11/2023
APP000692,CUST000429,"226,356.78",90+ Days,Yes,83.05,778,4.05,16/08/2023
APP000318,CUST000455,"271,629.65",90+ Days,Yes,101.97,816,2.47,07/08/2023
APP000067,CUST000490,"351,682.05",90+ Days,Yes,79.17,761,2.76,05/06/2024
APP000375,CUST000493,"177,022.47",90+ Days,No,78.88,726,2.81,20/12/2024
APP000613,CUST000176,"396,682.44",90+ Days,Yes,79,759,1.74,22/06/2024
APP000322,CUST000518,"75,860.94",90+ Days,No,52.42,758,2.66,27/02/2025
APP000815,CUST000380,"282,036.86",90+ Days,Yes,72.28,764,2.85,18/05/2024
APP000036,CUST000863,"310,985.15",90+ Days,Yes,65.45,830,3.44,19/06/2024
APP000646,CUST000206,"202,101.40",90+ Days,Yes,84.12,633,2.23,02/05/2024
APP000386,CUST000077,"295,889.14",90+ Days,No,76.08,666,1.91,18/11/2024
APP000405,CUST000315,"234,931.64",90+ Days,Yes,88.46,720,2.83,06/04/2024
APP000772,CUST000563,"260,327.92",90+ Days,No,69.56,623,2.08,08/02/2025
APP000193,CUST000427,"110,772.38",90+ Days,Yes,74.58,740,1.62,05/01/2024
APP000231,CUST000773,"283,019.87",90+ Days,Yes,86.61,621,2.97,15/08/2023
APP000118,CUST000467,"259,302.96",90+ Days,Yes,73.8,815,1.88,04/02/2024
APP000337,CUST000744,"296,824.33",90+ Days,Yes,61.42,773,2.55,12/08/2024
APP000098,CUST000302,"194,642.55",90+ Days,Yes,88.9,664,2.45,30/12/2023
APP000876,CUST000902,"157,198.70",Current,No,64.76,786,2.93,04/08/2025
APP000693,CUST000587,"325,566.85",90+ Days,Yes,60.75,836,2.2,03/05/2024
APP000450,CUST000669,"245,942.81",90+ Days,Yes,73.24,740,3.38,13/09/2024
APP000467,CUST000483,"143,506.67",90+ Days,Yes,56.93,647,2.05,04/04/2024
APP000417,CUST000399,"157,669.39",Current,No,61.79,690,2.9,12/11/2025
APP000547,CUST000050,"150,428.52",Current,No,84.77,600,3.24,04/06/2025
APP000323,CUST000796,"199,285.23",90+ Days,Yes,72.18,804,2.54,01/06/2024
APP000343,CUST000158,"281,437.35",Current,No,78.69,754,1.92,06/06/2025
APP000952,CUST000173,"259,881.80",90+ Days,Yes,63.45,713,1.8,05/03/2024
APP000807,CUST000469,"214,154.74",90+ Days,No,63.27,639,1.83,14/10/2024
APP000401,CUST000300,"228,731.68",90+ Days,No,79.37,655,3.31,16/01/2025
APP000371,CUST000778,"220,117.96",90+ Days,No,95.27,618,3.29,07/10/2024
APP000487,CUST000554,"164,745.78",90+ Days,No,66.78,700,1.5,03/03/2025
APP000057,CUST000458,"138,332.59",90+ Days,No,79.53,811,3.28,17/12/2024
APP000372,CUST000197,"10,499.61",Current,No,77.53,615,2.72,06/06/2025
APP000489,CUST000045,"352,614.20",90+ Days,No,94.73,719,2.19,01/02/2025
APP000442,CUST000262,"322,272.10",90+ Days,Yes,84.09,638,2.6,31/03/2024
APP000680,CUST000807,"126,622.72",90+ Days,Yes,110.41,757,1.98,19/08/2023
APP000108,CUST000892,"262,223.98",90+ Days,Yes,66.49,769,2.72,15/06/2024
APP000571,CUST000150,"429,510.84",90+ Days,No,70.53,767,1.96,18/11/2024
APP000919,CUST000707,"282,728.93",90+ Days,No,67.56,671,3.11,15/02/2025
APP000062,CUST000333,"303,370.32",90+ Days,Yes,95.47,701,1.61,27/01/2024
APP000546,CUST000793,"181,630.22",90+ Days,Yes,50,710,1.91,10/05/2024
APP000533,CUST000545,"173,066.54",90+ Days,No,50,713,2.5,21/12/2024
APP000179,CUST000248,"90,461.51",Current,No,58.08,641,1.91,28/05/2025
APP000577,CUST000114,"376,446.85",60 Days,No,98.76,620,3.04,20/03/2025
APP000393,CUST000002,"193,987.65",90+ Days,No,79.49,635,2,23/02/2025
APP000716,CUST000133,"323,879.65",60 Days,No,79.24,727,2.65,20/03/2025
APP000670,CUST000199,"160,604.46",Current,No,61.79,695,1.79,14/08/2025
APP000850,CUST000543,"149,016.99",Current,No,88.32,694,2.67,10/11/2025
APP000431,CUST000386,"296,126.79",60 Days,No,94.33,827,2.11,02/04/2025
APP000092,CUST000090,"306,577.37",90+ Days,Yes,95.72,795,3.24,24/11/2023
APP000368,CUST000080,"277,256.91",90+ Days,Yes,84.81,779,2.52,04/09/2023
APP000486,CUST000571,"302,561.29",90+ Days,No,120,700,3.09,12/03/2025
APP000376,CUST000137,"159,739.60",90+ Days,Yes,82.27,808,1.66,13/04/2024
APP000186,CUST000987,"149,804.31",90+ Days,No,86.48,845,2,14/03/2025
APP000629,CUST000662,"183,884.33",90+ Days,No,79.6,646,2.72,29/11/2024
APP000586,CUST000636,"236,733.76",90+ Days,Yes,67.75,816,2.32,19/08/2024
APP000199,CUST000350,"100,183.58",Current,No,54.73,727,2.83,21/06/2025
APP000198,CUST000743,"233,411.70",90+ Days,Yes,94.48,661,2.74,28/03/2024
APP000055,CUST000298,"50,000.00",60 Days,No,97.01,723,2.9,01/04/2025
APP000115,CUST000792,"243,394.50",90+ Days,Yes,66.44,790,3.12,23/04/2023
APP000093,CUST000083,"120,513.22",Current,No,72.88,687,2.91,21/10/2025
APP000595,CUST000062,"108,814.83",90+ Days,No,67.98,705,2.69,27/12/2024
APP000845,CUST000162,"251,481.92",60 Days,No,89.03,615,3.25,03/04/2025
APP000129,CUST000473,"174,947.04",Current,No,81.89,836,2.03,18/08/2025
APP000726,CUST000869,"148,937.82",90+ Days,No,90.23,704,2.59,23/10/2024
APP000878,CUST000186,"145,017.45",90+ Days,Yes,86.94,771,2.49,14/09/2023
APP000245,CUST000698,"175,968.24",90+ Days,Yes,67.59,687,2.89,29/04/2024
APP000051,CUST000225,"99,022.57",90+ Days,Yes,82.72,762,2.38,22/12/2023
APP000495,CUST000555,"243,213.38",Current,No,50,671,2.39,02/07/2025
APP000778,CUST000020,"392,806.08",60 Days,No,76.98,647,2.03,13/04/2025
APP000733,CUST000923,"182,654.22",Current,No,75.88,812,2.63,22/10/2025
APP000682,CUST000426,"333,582.11",90+ Days,Yes,67.95,668,3.53,24/01/2024
APP000749,CUST000401,"178,156.87",Current,No,114.02,606,2.13,09/07/2025
APP000497,CUST000815,"303,585.03",Current,No,81.83,818,2.5,16/09/2025
APP000504,CUST000203,"248,741.99",90+ Days,No,92.05,752,3.39,30/10/2024
APP000858,CUST000444,"227,094.64",90+ Days,No,95.86,678,2.71,12/03/2025
APP000798,CUST000075,"249,752.02",90+ Days,Yes,98.31,800,3.13,01/09/2023
APP000664,CUST000568,"119,479.19",Current,No,81.16,819,2.66,12/09/2025
APP000235,CUST000594,"173,790.47",90+ Days,Yes,87.26,779,2.14,07/06/2023
APP000167,CUST000330,"376,376.68",90+ Days,Yes,86.95,771,2.4,10/07/2023
APP000708,CUST000185,"173,897.48",90+ Days,Yes,72.45,692,2.03,15/07/2024
APP000331,CUST000640,"164,540.96",90+ Days,Yes,82.42,652,1.67,07/03/2024
APP000653,CUST000168,"271,581.95",90+ Days,Yes,120,754,2.17,24/11/2023
APP000082,CUST000525,"194,299.89",30 Days,No,95.87,770,3.25,19/04/2025
APP000242,CUST000836,"144,844.73",90+ Days,Yes,94.27,740,3.36,26/02/2024
APP000452,CUST000161,"120,634.58",Current,No,92.07,686,2.49,31/10/2025
APP000227,CUST000680,"352,494.76",90+ Days,Yes,96.68,757,2.21,04/03/2024
APP000277,CUST000018,"186,657.10",90+ Days,Yes,82.31,653,3.17,13/04/2024
APP000702,CUST000086,"339,628.40",90+ Days,Yes,91.47,715,2.82,27/03/2023
APP000021,CUST000438,"351,994.95",90+ Days,Yes,77.9,734,2.77,30/06/2024
APP000161,CUST000581,"415,144.98",90+ Days,Yes,57.48,750,2.3,15/02/2024
APP000049,CUST000857,"204,883.68",90+ Days,Yes,90.54,846,2.52,11/08/2023
APP000344,CUST000915,"136,483.82",90+ Days,Yes,72.65,669,3.03,30/04/2024
APP000302,CUST000755,"252,116.81",90+ Days,Yes,66.88,608,2.34,03/06/2023
APP000820,CUST000897,"299,066.22",60 Days,No,81.55,803,3.12,08/04/2025
APP000044,CUST000289,"50,000.00",90+ Days,Yes,93.17,685,3.1,15/06/2024
APP000068,CUST000775,"265,883.19",90+ Days,Yes,70.26,787,2.71,13/04/2024
APP000973,CUST000334,"360,026.16",90+ Days,Yes,102.92,682,2.01,26/09/2023
APP000126,CUST000973,"247,471.28",90+ Days,Yes,75.05,633,2.08,05/04/2024
APP000084,CUST000023,"239,911.46",90+ Days,Yes,72.75,619,2.64,20/06/2024
APP000601,CUST000264,"184,423.63",90+ Days,Yes,105.21,620,1.26,24/03/2024
APP000020,CUST000431,"162,878.90",30 Days,No,62.85,784,2.74,15/04/2025
APP000409,CUST000102,"171,324.49",Current,No,92.03,649,2.81,30/07/2025
APP000618,CUST000761,"325,651.81",90+ Days,Yes,57.06,706,2.72,08/07/2023
APP000073,CUST000146,"407,341.21",90+ Days,No,82.62,609,2.93,18/09/2024
APP000562,CUST000999,"103,113.24",90+ Days,Yes,62.11,756,1.74,09/09/2023
APP000164,CUST000388,"177,973.23",90+ Days,Yes,85.6,639,1.79,22/10/2023
APP000652,CUST000124,"383,348.85",90+ Days,Yes,64.87,777,2.38,09/06/2023
APP000136,CUST000861,"318,900.31",90+ Days,Yes,84.74,792,1.91,10/08/2024
APP000406,CUST000288,"302,184.51",Current,No,79.88,780,1.78,19/06/2025
APP000482,CUST000794,"206,092.36",Current,No,68.7,785,1.88,16/07/2025
APP000159,CUST000712,"321,000.33",90+ Days,Yes,72.08,640,2.25,16/07/2023
APP000965,CUST000767,"243,764.54",90+ Days,Yes,75.49,711,3.16,18/01/2024
APP000390,CUST000151,"89,665.41",90+ Days,No,62.63,711,2.87,14/11/2024
APP000814,CUST000509,"307,758.02",90+ Days,No,69.97,613,1.52,12/01/2025
APP000015,CUST000026,"138,163.93",Current,No,87.44,690,1.87,04/09/2025
APP000066,CUST000908,"223,738.86",90+ Days,No,95.59,602,2.14,21/01/2025
APP000588,CUST000692,"239,515.78",90+ Days,Yes,69.13,667,2.41,28/04/2024
APP000930,CUST000048,"282,456.75",90+ Days,Yes,82.88,620,2.16,11/03/2023
APP000972,CUST000515,"186,220.51",90+ Days,Yes,84.59,601,2.41,23/08/2024
APP000696,CUST000347,"165,025.87",90+ Days,Yes,59.28,667,2.27,01/08/2023
APP000960,CUST000465,"205,667.92",90+ Days,No,95.88,668,4.04,06/12/2024
APP000576,CUST000417,"37,500.00",Current,No,107.14,607,2.95,21/05/2025
APP000426,CUST000911,"468,577.98",90+ Days,Yes,87.03,825,2.1,16/07/2023
APP000531,CUST000844,"190,898.68",90+ Days,Yes,74.61,628,3.52,26/04/2023
APP000961,CUST000091,"443,111.11",90+ Days,No,73.88,602,2.4,25/02/2025
APP000603,CUST000194,"329,087.01",90+ Days,Yes,70.05,620,1.99,20/05/2024
APP000516,CUST000219,"181,156.46",90+ Days,Yes,70.67,703,2.34,30/12/2023
APP000676,CUST000301,"409,495.35",90+ Days,Yes,89.69,824,2.49,08/09/2023
APP000804,CUST000672,"235,115.25",Current,No,92.03,836,1.9,22/10/2025
APP000470,CUST000486,"207,616.46",90+ Days,No,96.88,698,2.51,10/02/2025
APP000611,CUST000319,"127,094.76",60 Days,No,105.64,713,2.64,20/03/2025
APP000281,CUST000682,"254,595.94",90+ Days,No,87.52,779,3.1,22/09/2024
APP000330,CUST000713,"83,469.09",90+ Days,Yes,77.35,737,2.88,18/02/2024
APP000391,CUST000925,"104,237.55",Current,No,113.32,809,2.04,08/06/2025
APP000663,CUST000566,"77,049.76",30 Days,No,50,607,2.16,30/04/2025
APP000934,CUST000521,"301,903.61",90+ Days,Yes,97.87,708,2.72,23/06/2024
APP000325,CUST000519,"245,288.99",90+ Days,Yes,111.18,731,2.03,18/09/2023
APP000027,CUST000461,"202,414.47",90+ Days,Yes,83.46,621,1.65,07/01/2024
APP000002,CUST000901,"442,837.36",90+ Days,Yes,82.44,601,2.99,09/05/2023
APP000658,CUST000728,"303,241.13",90+ Days,Yes,101.73,786,2.66,15/10/2023
APP000685,CUST000123,"258,777.94",60 Days,No,87.92,744,2.74,10/04/2025
APP000599,CUST000368,"292,287.88",90+ Days,Yes,94.07,830,3.11,10/03/2024
APP000369,CUST000876,"331,138.81",Current,No,93.3,772,2.24,19/05/2025
APP000830,CUST000659,"233,549.95",Current,No,82.46,710,2.74,10/08/2025
APP000567,CUST000760,"26,000.00",Current,No,80.45,752,1.98,01/06/2025
APP000316,CUST000166,"280,996.87",60 Days,No,118.79,751,2.41,10/04/2025
APP000623,CUST000656,"157,570.75",90+ Days,No,65.6,798,1.85,20/10/2024
APP000319,CUST000411,"243,450.29",90+ Days,Yes,60.8,847,2.34,18/08/2024
APP000841,CUST000057,"220,460.54",90+ Days,Yes,105.73,659,2.61,09/08/2023
APP000649,CUST000905,"372,822.84",60 Days,No,82.63,636,2.99,26/03/2025
APP000672,CUST000195,"303,965.46",90+ Days,Yes,72.48,683,3.25,24/10/2023
APP000324,CUST000213,"155,362.20",90+ Days,Yes,85.45,770,1.48,08/09/2024
APP000671,CUST000585,"330,811.06",90+ Days,Yes,102.12,660,1.99,23/01/2024
APP000448,CUST000351,"360,835.51",90+ Days,Yes,90.5,667,2.37,08/01/2024
APP000630,CUST000337,"172,276.36",Current,No,65.05,729,2.7,14/07/2025
APP000545,CUST000266,"291,933.65",90+ Days,Yes,85.05,720,2.34,08/12/2023
APP000833,CUST000447,"205,373.75",60 Days,No,54.51,715,1.59,10/04/2025
APP000496,CUST000107,"272,478.69",90+ Days,Yes,74,749,1.86,06/04/2024
APP000029,CUST000145,"331,649.60",90+ Days,No,100.41,640,2.54,03/12/2024
APP000346,CUST000106,"157,560.64",Current,No,71.97,656,1.96,15/08/2025
APP000694,CUST000552,"183,369.09",90+ Days,Yes,65.79,842,3.27,05/07/2024
APP000553,CUST000754,"487,900.90",90+ Days,No,98.62,844,2.61,27/09/2024
APP000990,CUST000639,"228,199.72",90+ Days,Yes,103.88,606,3,24/12/2023
APP000364,CUST000363,"153,780.11",90+ Days,No,64.97,730,2.61,27/09/2024
APP000479,CUST000868,"225,986.11",90+ Days,No,89.61,760,2.31,26/01/2025
APP000304,CUST000113,"256,423.08",90+ Days,Yes,77.21,750,1.52,13/12/2023
APP000363,CUST000866,"363,961.29",90+ Days,Yes,76.05,616,2.82,26/01/2024
APP000216,CUST000183,"237,535.23",90+ Days,No,54.49,661,1.61,20/02/2025
APP000634,CUST000696,"50,000.00",90+ Days,Yes,78.29,846,3.2,20/05/2024
APP000654,CUST000283,"294,960.82",90+ Days,Yes,79.76,616,3.04,27/06/2024
APP000026,CUST000818,"361,017.39",90+ Days,Yes,54.11,827,1.76,01/09/2024
APP000582,CUST000681,"303,480.69",90+ Days,Yes,93.97,636,1.72,09/09/2024
APP000444,CUST000397,"219,473.39",90+ Days,Yes,71.61,639,2.47,20/07/2023
APP000169,CUST000131,"164,334.94",90+ Days,Yes,71.06,685,1.97,02/08/2023
APP000141,CUST000971,"142,395.72",90+ Days,Yes,76.11,837,2.6,29/10/2023
APP000863,CUST000462,"212,102.49",90+ Days,No,92.78,755,2.61,07/02/2025
APP000271,CUST000171,"332,409.85",90+ Days,Yes,66.59,686,2.94,18/01/2024
APP000913,CUST000108,"216,140.16",90+ Days,Yes,91.63,609,2.24,08/08/2024
APP000943,CUST000862,"252,068.85",30 Days,No,89.91,669,2.82,29/04/2025
APP000309,CUST000379,"237,389.60",90+ Days,Yes,83.58,654,2.55,09/04/2023
APP000153,CUST000236,"90,015.19",Current,No,50,787,2.42,19/06/2025
APP000921,CUST000896,"395,863.94",90+ Days,Yes,70.44,780,2.76,02/12/2023
APP000578,CUST000737,"262,599.89",Current,No,60.67,699,2.49,29/05/2025
APP000095,CUST000663,"452,292.33",90+ Days,Yes,88.53,813,1.48,31/07/2023
APP000334,CUST000837,"217,971.54",90+ Days,Yes,50,819,2.71,06/05/2024
APP000720,CUST000024,"285,695.99",90+ Days,Yes,73.02,835,3.41,18/06/2024
APP000657,CUST000498,"209,308.30",90+ Days,Yes,81.95,783,2.4,23/07/2024
APP000605,CUST000842,"239,962.82",90+ Days,Yes,79.74,834,1.81,21/07/2024
APP000779,CUST000875,"370,205.66",90+ Days,Yes,75.93,806,2.28,02/10/2023
APP000122,CUST000367,"124,258.28",Current,No,76.01,725,2.58,25/08/2025
APP000836,CUST000703,"248,566.03",90+ Days,Yes,104.6,646,2.48,18/02/2024
APP000420,CUST000936,"200,977.84",90+ Days,Yes,94.09,754,2.22,22/07/2024
APP000910,CUST000101,"358,268.35",90+ Days,Yes,111.13,722,1.93,15/06/2023
APP000691,CUST000190,"345,913.29",90+ Days,Yes,78.12,782,3.14,16/06/2023
APP000300,CUST000365,"311,622.58",90+ Days,Yes,88.09,706,3.67,10/09/2024
APP000525,CUST000046,"152,362.04",90+ Days,No,71.65,614,1.82,08/03/2025
APP000449,CUST000635,"347,003.71",Current,No,54.76,817,2.33,07/09/2025
APP000053,CUST000484,"256,326.32",90+ Days,Yes,50,652,2.46,29/07/2024
APP000954,CUST000448,"282,516.91",90+ Days,No,68.03,723,2.61,21/12/2024
APP000875,CUST000592,"153,347.66",90+ Days,Yes,65.23,699,3.06,30/10/2023
APP000898,CUST000952,"329,425.67",90+ Days,Yes,81.31,772,2.44,02/09/2024
APP000819,CUST000748,"92,918.80",90+ Days,Yes,71.97,808,1.96,25/07/2024
APP000345,CUST000811,"233,244.27",90+ Days,Yes,97.91,695,2.85,01/06/2024
APP000835,CUST000201,"263,441.25",90+ Days,No,84.76,631,2.65,04/11/2024
APP000880,CUST000152,"172,575.39",90+ Days,Yes,88.02,680,2.91,18/03/2024
APP000761,CUST000676,"343,095.93",90+ Days,Yes,98.35,625,2.45,27/01/2024
APP000023,CUST000632,"62,090.38",90+ Days,Yes,86.96,699,3.42,11/01/2024
APP000538,CUST000769,"382,857.95",90+ Days,Yes,73.97,750,2.89,15/06/2024
APP000612,CUST000191,"146,303.93",Current,No,96.87,662,2.34,02/09/2025
APP000994,CUST000644,"290,745.84",Current,No,77.09,664,1.68,24/10/2025
APP000925,CUST000779,"193,605.21",90+ Days,No,72,612,0.8,29/10/2024
APP000005,CUST000951,"152,266.24",90+ Days,Yes,91.09,694,2.82,01/07/2024
APP000429,CUST000317,"122,500.85",90+ Days,Yes,92.12,686,2.26,24/10/2023
APP000206,CUST000730,"456,324.70",90+ Days,Yes,106.89,723,3.09,16/09/2023
APP000566,CUST000880,"255,354.06",90+ Days,No,72.08,620,2.86,14/01/2025
APP000087,CUST000623,"370,994.93",90+ Days,Yes,73.43,704,2.35,12/07/2024
APP000536,CUST000189,"219,107.14",90+ Days,Yes,64.68,741,1.82,13/07/2023
APP000150,CUST000556,"216,915.19",90+ Days,No,67.71,692,2.1,14/03/2025
APP000349,CUST000021,"163,080.60",90+ Days,Yes,76.83,664,2.93,26/07/2024
APP000968,CUST000747,"232,168.99",90+ Days,No,50,710,1.8,26/01/2025
APP000260,CUST000757,"191,297.82",90+ Days,No,112.6,720,2.04,01/12/2024
APP000503,CUST000854,"50,000.00",90+ Days,No,72.37,677,1.97,25/02/2025
APP000001,CUST000346,"354,904.96",90+ Days,Yes,72.49,764,3.76,27/12/2023
APP000868,CUST000165,"239,420.96",90+ Days,No,95.64,760,2.42,18/09/2024
APP000134,CUST000839,"210,107.90",90+ Days,Yes,91.48,712,2.56,16/05/2024
APP000561,CUST000128,"50,000.00",90+ Days,Yes,79.98,610,2.11,19/06/2024
APP000189,CUST000453,"291,697.21",90+ Days,Yes,71.44,677,3.05,30/08/2023
APP000124,CUST000873,"270,686.18",90+ Days,Yes,62.51,609,3.16,07/02/2024
APP000424,CUST000078,"316,475.03",90+ Days,Yes,63.01,618,2.17,05/03/2024
APP000004,CUST000172,"238,989.13",90+ Days,Yes,98.19,808,2.93,19/04/2024
APP000644,CUST000497,"293,696.11",90+ Days,No,55.78,828,3.09,24/11/2024
APP000181,CUST000683,"159,693.68",90+ Days,Yes,57.89,807,2.78,11/10/2023
APP000976,CUST000389,"136,161.86",90+ Days,Yes,80.96,789,3.64,15/07/2024
APP000032,CUST000813,"241,381.27",30 Days,No,77.19,810,2.73,19/04/2025
APP000963,CUST000530,"199,553.39",Current,No,66.27,786,2.13,15/08/2025
APP000980,CUST000654,"266,820.90",90+ Days,Yes,84.82,664,3.25,24/06/2024
APP000158,CUST000394,"335,897.70",90+ Days,No,87.1,683,2.74,04/02/2025
APP000834,CUST000618,"175,329.77",Current,No,79.49,688,2.75,01/07/2025
APP000912,CUST000329,"227,789.00",90+ Days,No,83.85,723,2.71,08/02/2025
APP000453,CUST000506,"279,104.40",60 Days,No,86.93,695,3.46,20/03/2025
APP000590,CUST000643,"161,700.48",90+ Days,Yes,98.8,732,3.05,06/07/2024
APP000257,CUST000898,"96,749.37",90+ Days,Yes,62.51,667,2.03,04/08/2024
APP000096,CUST000947,"264,376.95",90+ Days,Yes,83.35,662,2.8,06/09/2023
APP000996,CUST000069,"221,899.47",90+ Days,Yes,74.16,673,2.17,21/11/2023
APP000563,CUST000962,"223,949.94",90+ Days,Yes,93.53,754,2.42,15/08/2024
APP000542,CUST000328,"275,891.27",90+ Days,Yes,74.83,646,2.61,09/06/2024
APP000743,CUST000944,"127,392.94",90+ Days,Yes,67.02,669,2.87,23/06/2024
APP000152,CUST000488,"50,000.00",Current,No,71.56,681,3.04,27/06/2025
APP000550,CUST000595,"244,415.51",90+ Days,Yes,81.04,844,1.89,15/02/2024
APP000163,CUST000110,"235,788.85",90+ Days,Yes,78.91,732,3.18,20/06/2023
APP000621,CUST000207,"351,845.35",30 Days,No,83.17,603,1.93,14/04/2025
APP000214,CUST000064,"127,490.87",Current,No,95.47,775,2.43,23/09/2025
APP000083,CUST000052,"199,994.85",90+ Days,Yes,73.81,779,2.6,03/02/2024
APP000735,CUST000603,"423,192.47",30 Days,No,50,604,1.99,17/04/2025
APP000109,CUST000481,"109,352.60",90+ Days,No,104,794,2.37,25/02/2025
APP000729,CUST000833,"265,602.99",Current,No,72.63,707,2.05,06/08/2025
APP000918,CUST000708,"211,028.31",90+ Days,Yes,87.72,686,2.75,03/07/2024
APP000145,CUST000630,"252,696.12",90+ Days,No,78.34,772,2.29,17/09/2024
APP000947,CUST000949,"310,468.41",90+ Days,Yes,81.76,832,2.92,08/09/2023
APP000730,CUST000774,"128,959.83",90+ Days,Yes,69.08,666,2.39,28/08/2024
APP000395,CUST000327,"169,067.26",90+ Days,Yes,84.08,709,2.25,25/01/2024
APP000295,CUST000385,"249,904.66",Current,No,90.04,699,2.47,08/09/2025
APP000948,CUST000599,"463,820.90",90+ Days,No,62.16,676,2.13,02/11/2024
APP000846,CUST000968,"348,178.09",90+ Days,Yes,75.34,680,2.09,08/03/2024
APP000908,CUST000975,"195,297.57",90+ Days,No,69.47,775,2.48,02/11/2024
APP000813,CUST000512,"363,163.81",90+ Days,Yes,65.78,753,3,21/11/2023
APP000941,CUST000103,"272,505.54",90+ Days,Yes,80.13,770,2.08,30/05/2023
APP000045,CUST000221,"151,577.55",90+ Days,Yes,66.02,667,2.31,26/07/2023
APP000315,CUST000541,"140,235.54",90+ Days,Yes,84.12,660,2.52,31/12/2023
APP000604,CUST000292,"328,559.11",90+ Days,No,82.03,815,2.21,11/10/2024
APP000889,CUST000009,"324,219.50",Current,No,104.05,662,2.79,06/07/2025
APP000383,CUST000215,"275,551.78",30 Days,No,75.36,834,2.37,17/04/2025
APP000212,CUST000627,"50,000.00",60 Days,No,63.26,827,3.32,18/03/2025
APP000631,CUST000942,"283,832.52",90+ Days,Yes,79.49,800,3.15,17/06/2024
APP000754,CUST000551,"193,190.71",90+ Days,Yes,70.39,734,3.17,11/11/2023
APP000332,CUST000187,"362,428.54",30 Days,No,56.07,666,2.17,27/04/2025
APP000275,CUST000800,"66,138.72",90+ Days,No,89.13,714,2.8,25/02/2025
APP000558,CUST000082,"232,637.81",90+ Days,No,72.7,763,2.58,30/01/2025
APP000728,CUST000586,"422,887.99",90+ Days,Yes,66.35,612,1.91,11/12/2023
APP000209,CUST000922,"188,794.38",90+ Days,Yes,65,772,2.38,15/08/2023
APP000194,CUST000282,"419,393.71",90+ Days,Yes,81.73,737,3.77,01/06/2024
APP000896,CUST000208,"268,413.28",90+ Days,Yes,73.47,812,2.1,29/09/2023
APP000851,CUST000238,"301,906.22",90+ Days,No,80.94,834,2.38,16/11/2024
APP000112,CUST000178,"232,337.82",Current,No,73.37,651,2.6,11/07/2025
APP000160,CUST000789,"351,820.96",90+ Days,Yes,79.41,659,2.37,05/03/2024
APP000712,CUST000081,"140,651.33",90+ Days,Yes,77.68,791,2.11,30/10/2023
APP000978,CUST000531,"322,462.31",90+ Days,No,84.3,682,3.17,02/02/2025
APP000916,CUST000435,"209,952.05",Current,No,88.98,730,1.94,16/06/2025
APP000380,CUST000724,"275,192.54",90+ Days,Yes,89.92,655,2.56,15/06/2023
APP000416,CUST000126,"309,343.38",90+ Days,Yes,65.06,764,3.19,05/08/2024
APP000247,CUST000660,"216,062.30",90+ Days,Yes,94.52,760,2.5,25/10/2023
APP000832,CUST000369,"304,612.84",90+ Days,No,88.44,770,2.36,10/10/2024
APP000147,CUST000415,"422,868.16",90+ Days,Yes,82.59,787,2.32,24/03/2024
APP000340,CUST000510,"360,561.31",90+ Days,Yes,87.07,616,3.17,28/08/2023
APP000267,CUST000410,"197,694.28",90+ Days,Yes,81.35,614,2.77,08/08/2023
APP000137,CUST000675,"122,020.20",90+ Days,Yes,91.6,736,2.74,03/11/2023
APP000439,CUST000406,"231,836.35",90+ Days,Yes,85.97,684,3.83,15/12/2023
APP000138,CUST000085,"69,603.34",90+ Days,Yes,96.08,664,1.92,03/11/2023
APP000285,CUST000494,"180,568.12",90+ Days,Yes,54.67,839,2.53,10/09/2023
APP000512,CUST000076,"242,284.74",90+ Days,Yes,64.93,820,2.45,10/07/2023
APP000177,CUST000271,"142,399.43",90+ Days,Yes,96.47,804,2.58,13/06/2024
APP000974,CUST000608,"269,042.54",30 Days,No,65.81,770,2.35,07/05/2025
APP000225,CUST000671,"178,434.63",Current,No,77.77,606,2.16,22/07/2025
APP000986,CUST000642,"150,972.74",Current,No,79.83,726,2.5,22/08/2025
APP000259,CUST000228,"412,483.90",90+ Days,Yes,57.74,746,1.65,19/12/2023
APP000826,CUST000313,"288,271.98",90+ Days,Yes,89.54,790,2.34,19/07/2024
APP000955,CUST000674,"101,442.39",Current,No,86.96,780,2.35,26/07/2025
APP000774,CUST000570,"364,367.57",60 Days,No,69.78,805,3.44,30/03/2025
APP000455,CUST000522,"173,502.82",90+ Days,Yes,78.14,812,2.43,13/02/2024
APP000773,CUST000590,"303,504.52",90+ Days,Yes,60.75,619,2.04,21/11/2023
APP000156,CUST000234,"258,114.25",90+ Days,Yes,100.54,641,2.75,20/03/2024
APP000061,CUST000750,"314,623.41",90+ Days,Yes,120,833,2.17,01/07/2023
APP000263,CUST000957,"188,190.34",90+ Days,Yes,83.67,845,2.44,23/06/2023
APP000458,CUST000906,"328,878.50",90+ Days,Yes,72.52,751,2.75,01/07/2024
APP000459,CUST000657,"194,700.06",90+ Days,Yes,58.36,651,2.37,05/05/2024
APP000756,CUST000428,"347,160.96",60 Days,No,86.48,835,2.96,17/03/2025
APP000052,CUST000446,"112,021.76",90+ Days,No,87.59,807,2.48,22/02/2025
APP000379,CUST000804,"365,552.96",Current,No,71.04,690,2.57,28/06/2025
APP000457,CUST000719,"161,075.63",30 Days,No,62.85,828,2.57,27/04/2025
APP000116,CUST000514,"360,228.94",90+ Days,No,102.43,828,2.07,03/10/2024
APP000425,CUST000786,"318,746.53",90+ Days,Yes,73.67,783,2.21,23/05/2023
APP000596,CUST000216,"281,120.13",90+ Days,Yes,87.65,660,3.07,23/05/2023
APP000719,CUST000790,"170,993.91",90+ Days,Yes,83.66,705,2.43,26/01/2024
APP000274,CUST000011,"366,793.17",90+ Days,Yes,70.62,616,2.71,03/05/2024
APP000183,CUST000542,"250,434.09",Current,No,63.89,783,2.81,02/06/2025
APP000187,CUST000088,"141,740.07",Current,No,72.15,787,2.41,22/05/2025
APP000750,CUST000650,"316,752.21",90+ Days,No,90.42,664,1.21,24/10/2024
APP000783,CUST000278,"51,242.61",Current,No,87.85,741,2.68,31/07/2025
APP000559,CUST000404,"116,494.79",90+ Days,Yes,107.47,806,2.86,17/05/2024
APP000404,CUST000015,"373,424.78",90+ Days,No,85.51,740,2.03,04/10/2024
APP000859,CUST000310,"249,601.89",90+ Days,Yes,72.79,748,3.48,05/12/2023
APP000870,CUST000910,"176,529.70",90+ Days,Yes,92.45,694,3.11,01/06/2023
APP000336,CUST000574,"272,894.64",90+ Days,No,96.73,668,2.64,02/03/2025
APP000269,CUST000074,"376,047.30",Current,No,72.99,813,2.34,13/09/2025
APP000238,CUST000955,"121,742.25",90+ Days,Yes,101.9,608,2.23,03/05/2024
APP000784,CUST000887,"189,759.84",90+ Days,Yes,72.64,607,1.81,08/06/2023
APP000886,CUST000655,"50,000.00",90+ Days,Yes,77.05,736,2.57,30/08/2024
APP000101,CUST000179,"241,076.13",90+ Days,Yes,107.44,849,2.92,09/10/2023
APP001000,CUST000678,"205,374.53",Current,No,77.09,669,2.85,12/08/2025
APP000040,CUST000787,"345,593.75",90+ Days,No,62.95,814,2.91,20/12/2024
APP000964,CUST000965,"157,570.43",90+ Days,Yes,82.14,780,2.37,12/07/2023
APP000757,CUST000527,"164,217.90",60 Days,No,83.51,620,1.44,06/04/2025
APP000622,CUST000914,"239,813.65",90+ Days,Yes,68.99,786,2.73,14/06/2024
APP000114,CUST000588,"82,654.77",Current,No,72.51,709,2.23,01/07/2025
APP000706,CUST000352,"50,000.00",90+ Days,Yes,93.4,808,2.18,26/08/2024
APP000377,CUST000879,"158,161.15",90+ Days,Yes,78.62,705,1.62,25/06/2024
APP000775,CUST000267,"221,881.69",Current,No,73.96,602,1.86,12/09/2025
APP000351,CUST000835,"264,691.63",90+ Days,Yes,81.07,649,2.4,23/08/2023
APP000979,CUST000381,"415,714.25",90+ Days,Yes,93.44,708,3.04,15/12/2023
APP000591,CUST000441,"269,426.14",Current,No,76.28,732,2.81,08/08/2025
APP000063,CUST000625,"224,969.90",90+ Days,Yes,103,747,3.05,24/06/2024
APP000825,CUST000820,"278,982.43",90+ Days,Yes,83.43,602,3.04,08/07/2024
APP000900,CUST000759,"320,625.80",90+ Days,Yes,112.69,777,2.8,19/12/2023
APP000009,CUST000560,"322,587.82",90+ Days,No,90.27,739,2.32,17/02/2025
APP000190,CUST000042,"77,938.90",90+ Days,Yes,91.19,685,2.65,10/06/2023
APP000447,CUST000600,"328,211.13",30 Days,No,95.17,736,2.72,15/04/2025
APP000081,CUST000270,"158,047.75",90+ Days,No,70,847,2.63,02/01/2025
APP000744,CUST000511,"431,801.10",90+ Days,Yes,81.33,829,1.64,19/06/2023
APP000200,CUST000182,"50,000.00",90+ Days,Yes,65.61,669,2.33,26/02/2024
APP000472,CUST000422,"236,934.60",90+ Days,Yes,88.7,825,2.29,03/12/2023
APP000881,CUST000916,"273,491.52",90+ Days,Yes,75.49,627,2.51,29/07/2024
APP000451,CUST000633,"178,303.10",Current,No,94.23,711,2.07,30/05/2025
APP000678,CUST000843,"355,473.13",90+ Days,Yes,68.46,619,2.38,19/01/2024
APP000645,CUST000613,"327,111.78",90+ Days,Yes,106.77,649,2.74,27/08/2023
APP000823,CUST000984,"79,751.82",90+ Days,Yes,89.04,674,2.75,08/07/2024
APP000132,CUST000016,"229,991.94",90+ Days,No,84.36,831,2.27,06/02/2025
APP000010,CUST000294,"394,200.58",90+ Days,Yes,68.67,612,1.91,04/05/2023
APP000226,CUST000058,"183,935.86",Current,No,60.19,778,2.26,18/10/2025
APP000341,CUST000032,"192,799.76",90+ Days,No,66.74,663,2.98,31/12/2024
APP000543,CUST000311,"231,987.39",90+ Days,Yes,69.11,797,2.31,15/02/2024
APP000307,CUST000634,"212,207.66",Current,No,86.63,806,2.88,24/05/2025
APP000460,CUST000384,"267,348.70",90+ Days,Yes,88.45,671,2.85,19/07/2024
APP000208,CUST000019,"226,209.92",90+ Days,Yes,73.26,647,2.08,07/04/2023
APP000454,CUST000297,"315,275.01",Current,No,94.09,642,3.06,31/05/2025
APP000638,CUST000834,"354,531.14",90+ Days,Yes,97.54,814,2.54,23/09/2023
APP000787,CUST000701,"430,266.10",90+ Days,Yes,107.97,650,2.61,04/02/2024
APP000741,CUST000832,"219,209.77",90+ Days,Yes,68.53,733,1.54,04/07/2023
APP000403,CUST000516,"353,533.47",90+ Days,No,79.4,775,3.04,18/11/2024
APP000491,CUST000726,"261,785.87",90+ Days,Yes,95.45,677,2.4,13/06/2023
APP000221,CUST000432,"257,288.15",90+ Days,No,62.09,655,2.16,14/01/2025
APP000119,CUST000850,"282,588.35",Current,No,100.7,702,3.77,12/11/2025
APP000166,CUST000028,"201,244.81",90+ Days,Yes,86.76,661,2.75,16/10/2023
APP000782,CUST000127,"132,914.51",Current,No,67.09,737,1.65,17/08/2025
APP000529,CUST000558,"284,515.11",90+ Days,Yes,93.55,776,2.19,23/07/2023
APP000254,CUST000402,"175,022.32",90+ Days,Yes,97.17,646,1.85,07/06/2024
APP000296,CUST000181,"229,617.69",90+ Days,Yes,101.14,745,1.97,01/08/2024
APP000165,CUST000198,"265,393.02",90+ Days,Yes,85.19,720,1.42,04/06/2024
APP000102,CUST000163,"268,791.47",90+ Days,No,70.57,734,2.73,26/01/2025
APP000589,CUST000824,"233,525.91",90+ Days,Yes,80.05,692,3.01,12/09/2023
APP000570,CUST000478,"121,650.49",Current,No,108.03,847,2.84,28/07/2025
APP000816,CUST000167,"131,357.77",Current,No,92.3,712,2.04,01/08/2025
APP000091,CUST000387,"250,022.15",90+ Days,Yes,85.1,727,2.51,20/05/2024
APP000560,CUST000741,"69,929.97",90+ Days,Yes,95.02,688,3.49,27/06/2023
APP000133,CUST000950,"192,092.69",90+ Days,No,80.01,741,2.63,22/11/2024
APP000397,CUST000260,"78,422.59",Current,No,86.89,789,2.26,16/05/2025
APP000535,CUST000598,"170,071.43",90+ Days,Yes,74.69,686,2.99,17/07/2023
APP000809,CUST000840,"104,937.83",Current,No,93.04,641,2.39,21/07/2025
APP000821,CUST000559,"65,499.20",90+ Days,No,86.62,769,2.23,14/02/2025
APP000353,CUST000043,"250,266.12",Current,No,73.41,827,3.46,14/05/2025
APP000933,CUST000322,"203,082.58",90+ Days,No,94.19,735,2.43,09/10/2024
APP000892,CUST000130,"280,427.84",60 Days,No,56.02,829,2.43,05/04/2025
APP000585,CUST000573,"239,054.54",Current,No,92.1,665,3.15,14/08/2025
APP000476,CUST000095,"358,900.93",90+ Days,Yes,81.26,740,2.09,24/01/2024
APP000988,CUST000919,"233,400.16",Current,No,80.6,807,2.99,19/06/2025
APP000428,CUST000620,"121,529.15",Current,No,73.73,665,2.5,11/06/2025
APP000788,CUST000132,"240,138.24",90+ Days,Yes,77.04,602,1.97,01/08/2024
APP000747,CUST000325,"50,000.00",90+ Days,Yes,66.95,698,3.06,29/03/2024
APP000261,CUST000967,"79,026.29",Current,No,73.37,775,3.09,23/05/2025
APP000280,CUST000783,"79,282.53",90+ Days,Yes,88.37,686,3.21,23/05/2023
APP000099,CUST000318,"295,205.38",90+ Days,Yes,64.04,693,2.25,27/12/2023
APP000537,CUST000096,"232,233.67",90+ Days,Yes,78.86,840,1.66,16/07/2023
APP000111,CUST000695,"295,232.32",90+ Days,Yes,64.57,633,2.57,05/09/2024
APP000786,CUST000722,"287,983.82",90+ Days,Yes,74.29,604,2.08,10/09/2024
APP000174,CUST000220,"50,000.00",90+ Days,Yes,86.86,620,3.43,30/05/2024
APP000291,CUST000047,"150,235.81",90+ Days,No,86.3,733,3.42,21/11/2024
APP000587,CUST000537,"261,189.67",90+ Days,No,87.69,829,2.76,14/10/2024
APP000552,CUST000738,"277,020.63",90+ Days,Yes,72.81,706,2.74,10/03/2024
APP000734,CUST000504,"107,679.02",Current,No,80.78,817,2.94,09/07/2025
APP000022,CUST000582,"347,277.44",90+ Days,Yes,69.89,799,2.6,21/04/2023
APP000157,CUST000536,"98,154.63",90+ Days,Yes,75.07,627,1.83,29/05/2023
APP000518,CUST000393,"276,308.08",90+ Days,Yes,69.95,701,2.68,16/08/2024
APP000435,CUST000771,"82,958.29",90+ Days,No,102.46,700,2.62,12/02/2025
APP000812,CUST000802,"47,000.00",Current,No,92.72,847,2.71,30/08/2025
APP000230,CUST000210,"337,678.96",90+ Days,Yes,94.33,703,2.23,04/06/2024
APP000641,CUST000357,"376,274.25",90+ Days,Yes,78.1,751,2.68,21/03/2024
APP000288,CUST000689,"202,295.93",90+ Days,Yes,78.69,797,2.05,27/08/2024
APP000705,CUST000746,"218,600.49",Current,No,83.85,641,2.28,17/09/2025
APP000184,CUST000924,"143,401.09",90+ Days,No,73.92,748,2.1,16/11/2024
APP000689,CUST000622,"386,240.19",90+ Days,No,92.04,779,2.95,09/03/2025
APP000991,CUST000980,"360,501.84",90+ Days,Yes,104.1,702,2.28,27/06/2023
APP000662,CUST000667,"222,635.02",90+ Days,Yes,91.17,817,2.6,13/09/2024
APP000687,CUST000212,"276,902.23",Current,No,88.03,646,2.76,27/05/2025
APP000471,CUST000141,"290,571.92",90+ Days,Yes,82.78,706,1.38,30/07/2023
APP000731,CUST000355,"115,279.05",90+ Days,No,88.21,832,3.19,25/01/2025
APP000388,CUST000838,"299,609.23",90+ Days,No,50,725,3.34,08/10/2024
APP000047,CUST000001,"311,412.93",90+ Days,Yes,50,708,2.47,09/06/2024
APP000326,CUST000138,"283,114.65",90+ Days,No,72.05,755,2.36,06/01/2025
APP000327,CUST000320,"362,309.74",60 Days,No,52.63,836,3.14,28/03/2025
APP000669,CUST000763,"189,225.99",90+ Days,Yes,78.63,801,2.68,14/09/2024
APP000477,CUST000904,"303,516.83",90+ Days,Yes,90.91,653,2.45,31/05/2024
APP000890,CUST000956,"282,030.19",90+ Days,Yes,62.84,845,3.08,25/11/2023
APP000897,CUST000577,"449,067.60",90+ Days,No,107.01,849,2.11,04/02/2025
APP000185,CUST000992,"302,121.46",60 Days,No,79.99,621,1.9,27/03/2025
APP000222,CUST000134,"182,095.68",90+ Days,Yes,100.95,696,2.63,28/08/2024
APP000914,CUST000147,"270,506.84",90+ Days,No,94.35,667,1.9,14/03/2025
APP000703,CUST000941,"178,834.04",30 Days,No,82.66,760,2.19,25/04/2025
APP000844,CUST000476,"221,272.75",90+ Days,No,93,775,2.37,09/01/2025
APP000434,CUST000705,"371,299.94",Current,No,59.61,670,2.73,08/11/2025
APP000438,CUST000093,"399,584.49",90+ Days,Yes,71.82,704,2.83,10/03/2023
APP000984,CUST000583,"346,441.50",90+ Days,Yes,77.37,761,3.42,23/05/2024
APP000855,CUST000068,"216,049.64",Current,No,70.19,817,1.91,20/09/2025
APP000333,CUST000362,"284,955.21",90+ Days,Yes,64.14,654,2.76,05/06/2023
APP000250,CUST000569,"230,778.24",90+ Days,Yes,89.07,686,2.42,14/09/2023
APP000911,CUST000791,"195,752.45",60 Days,No,87.03,831,2.59,02/04/2025
APP000017,CUST000533,"354,456.13",90+ Days,Yes,77.7,740,2.64,01/06/2024
APP000054,CUST000059,"174,111.79",Current,No,68.03,669,2.54,16/08/2025
APP000519,CUST000666,"242,760.24",30 Days,No,54.43,806,3.25,16/04/2025
APP000289,CUST000188,"169,521.50",90+ Days,Yes,73.97,616,2.85,11/08/2024
APP000025,CUST000071,"256,238.74",60 Days,No,75.46,706,2.04,15/03/2025
APP000717,CUST000960,"284,323.38",90+ Days,Yes,69.5,633,3.06,08/12/2023
APP000928,CUST000253,"128,931.70",90+ Days,No,73.4,647,2.61,27/12/2024
APP000501,CUST000254,"227,893.45",Current,No,52.75,642,1.84,08/10/2025
APP000544,CUST000661,"143,653.66",Current,No,80,684,2.71,19/07/2025
APP000607,CUST000251,"373,292.11",90+ Days,Yes,71.55,729,3.18,09/04/2023
APP000085,CUST000739,"257,226.19",90+ Days,Yes,72.85,847,3.09,16/10/2023
APP000462,CUST000694,"50,000.00",90+ Days,Yes,71.12,821,2.15,19/05/2024
APP000514,CUST000931,"289,439.65",90+ Days,Yes,79.57,641,3.39,13/02/2024
APP000035,CUST000753,"249,771.91",90+ Days,No,81.51,619,2.56,16/10/2024
APP000287,CUST000907,"243,069.80",90+ Days,Yes,72.47,617,2.55,15/02/2024
APP000935,CUST000307,"320,816.45",90+ Days,No,85.78,813,3.31,24/01/2025
APP000282,CUST000920,"298,005.03",90+ Days,Yes,85.44,686,2.62,10/10/2023
APP000018,CUST000004,"308,820.64",Current,No,99.18,818,1.94,02/07/2025
APP000521,CUST000231,"315,453.68",90+ Days,Yes,61.69,695,2.23,19/02/2024
APP000958,CUST000316,"377,509.30",90+ Days,Yes,84.77,713,2.17,17/06/2024
APP000584,CUST000780,"113,508.14",Current,No,68.49,689,1.71,23/05/2025
APP000070,CUST000677,"309,204.02",90+ Days,Yes,70.42,827,2.22,20/08/2023
APP000762,CUST000768,"346,938.18",90+ Days,No,64.24,632,1.75,01/11/2024
APP000042,CUST000112,"383,626.54",90+ Days,No,50.1,661,1.84,04/11/2024
APP000266,CUST000940,"231,792.78",90+ Days,Yes,82.01,695,2.81,05/11/2023
APP000262,CUST000731,"261,447.60",90+ Days,No,64.29,668,2.46,15/10/2024
APP000656,CUST000699,"262,214.07",90+ Days,Yes,74.69,633,2.27,25/05/2023
APP000155,CUST000375,"106,880.38",90+ Days,Yes,90.82,773,3.01,14/06/2024
APP000714,CUST000308,"254,440.72",90+ Days,Yes,76.7,769,2.52,10/06/2024
APP000146,CUST001000,"250,571.61",60 Days,No,65.4,706,2.28,27/03/2025
APP000237,CUST000998,"143,263.50",Current,No,88.22,700,3.47,11/11/2025
APP000396,CUST000340,"266,188.82",90+ Days,Yes,100.37,663,2.82,26/05/2024
APP000957,CUST000376,"117,481.27",90+ Days,Yes,95.13,841,2.18,03/03/2024
APP000707,CUST000463,"150,358.40",90+ Days,Yes,90.76,839,2.16,14/08/2023
APP000107,CUST000615,"113,645.78",90+ Days,Yes,91.96,712,2.22,17/10/2023
APP000121,CUST000408,"489,155.48",90+ Days,No,99.03,827,2.4,26/09/2024
APP000548,CUST000345,"244,385.49",90+ Days,Yes,100.6,801,2.64,22/08/2024
APP000366,CUST000457,"277,385.73",90+ Days,Yes,98.71,835,1.97,03/06/2024
APP000014,CUST000612,"213,695.92",90+ Days,Yes,64.01,774,2.76,14/03/2024
APP000532,CUST000136,"258,512.21",90+ Days,Yes,94.71,703,2.7,08/05/2023
APP000178,CUST000356,"257,983.08",Current,No,79.34,810,3.37,21/07/2025
APP000500,CUST000798,"138,702.27",Current,No,80.33,745,2.13,12/06/2025
APP000268,CUST000809,"297,482.37",90+ Days,Yes,77.9,745,3.07,14/03/2024
APP000530,CUST000909,"74,650.86",Current,No,78.99,776,2.87,24/05/2025
APP000785,CUST000865,"234,711.59",90+ Days,Yes,59.29,792,2.61,25/05/2024
APP000874,CUST000286,"291,846.39",90+ Days,Yes,68.59,751,1.97,21/03/2024
APP000817,CUST000697,"210,314.30",90+ Days,Yes,63.26,818,1.81,27/01/2024
APP000915,CUST000877,"267,962.86",90+ Days,Yes,87.16,841,3.22,08/06/2024
APP000829,CUST000439,"305,275.77",30 Days,No,102.62,690,2.81,17/04/2025
APP000418,CUST000549,"171,393.49",90+ Days,No,75.46,818,2.54,14/10/2024
APP000869,CUST000714,"210,017.71",Current,No,98.28,709,2.39,24/10/2025
APP000950,CUST000617,"352,971.29",30 Days,No,81.2,635,3.02,28/04/2025
APP000766,CUST000211,"426,299.03",90+ Days,No,61.37,839,2.82,25/01/2025
APP000580,CUST000732,"387,867.14",60 Days,No,56.13,626,1.74,04/04/2025
APP000043,CUST000765,"200,777.45",90+ Days,No,75.04,816,2.62,28/02/2025
APP000999,CUST000012,"149,383.31",30 Days,No,72.94,782,1.72,23/04/2025
APP000443,CUST000117,"160,907.74",Current,No,71.69,703,2.57,21/09/2025
APP000359,CUST000118,"205,051.81",Current,No,50,750,2.55,05/11/2025
APP000793,CUST000359,"286,649.87",90+ Days,Yes,98.62,821,3.46,14/08/2024
APP000297,CUST000725,"291,263.06",90+ Days,Yes,80.95,788,2.06,13/09/2023
APP000879,CUST000845,"187,385.00",Current,No,95.9,760,2.16,21/05/2025
APP000639,CUST000953,"141,231.81",90+ Days,Yes,68.37,845,2.83,10/04/2024
APP000008,CUST000978,"342,606.82",90+ Days,Yes,57.93,619,1.68,16/07/2023
APP000763,CUST000029,"177,117.69",30 Days,No,73.07,669,3.34,03/05/2025
APP000094,CUST000751,"181,525.60",Current,No,80.35,798,2.1,09/10/2025
APP000608,CUST000092,"278,449.18",90+ Days,Yes,98.64,756,3.46,11/02/2024
APP000437,CUST000664,"348,423.14",90+ Days,Yes,67.83,608,2.63,05/01/2024
APP000399,CUST000740,"151,914.16",90+ Days,Yes,66.56,661,3.16,25/01/2024
APP000329,CUST000963,"397,190.64",90+ Days,Yes,94.98,746,2.74,04/06/2024
APP000748,CUST000460,"222,436.12",Current,No,114.94,766,2.37,09/08/2025
APP000028,CUST000766,"277,537.75",90+ Days,Yes,92.69,737,2.49,01/03/2024
APP000483,CUST000255,"142,964.85",Current,No,95.17,760,2.82,10/06/2025
APP000864,CUST000606,"273,528.00",60 Days,No,82.71,669,2.87,22/03/2025
APP000127,CUST000764,"301,505.46",90+ Days,Yes,85.85,818,2.36,07/03/2023
APP000060,CUST000900,"194,577.05",90+ Days,Yes,89.87,646,2.63,04/08/2024
APP000170,CUST000065,"258,420.10",Current,No,59.51,769,3.34,09/12/2025
APP000635,CUST000976,"235,206.07",90+ Days,Yes,84.33,701,2.94,03/11/2023
APP000195,CUST000148,"188,830.03",90+ Days,Yes,69.03,770,1.81,17/06/2024
APP000056,CUST000474,"220,847.87",90+ Days,Yes,50.69,647,2.14,23/01/2024
APP000130,CUST000829,"363,780.58",90+ Days,Yes,64.96,629,3.13,17/04/2023
APP000352,CUST000067,"318,860.81",90+ Days,Yes,79.06,751,2.81,15/02/2024
APP000739,CUST000250,"163,069.55",90+ Days,No,90.69,711,3.46,30/09/2024
APP000822,CUST000360,"412,084.02",Current,No,93.15,848,2.46,29/09/2025
APP000508,CUST000063,"189,475.85",90+ Days,Yes,90.2,696,2.55,16/01/2024
APP000665,CUST000196,"82,814.34",Current,No,81.5,714,2.53,14/06/2025
APP000626,CUST000611,"110,582.56",90+ Days,No,83.91,738,2.42,17/11/2024
APP000632,CUST000323,"345,300.16",90+ Days,No,64.45,742,1.43,30/09/2024
APP000076,CUST000704,"214,848.82",90+ Days,Yes,87.19,824,2.52,14/09/2023
APP000071,CUST000668,"378,648.21",90+ Days,Yes,96.66,668,2.56,03/07/2024
APP000381,CUST000855,"212,751.39",90+ Days,Yes,70.67,611,1.16,21/03/2024
APP000777,CUST000851,"237,584.08",Current,No,57.63,711,2.07,08/07/2025
APP000695,CUST000454,"195,004.98",90+ Days,Yes,77.86,665,2.34,11/08/2024
APP000597,CUST000390,"142,186.57",Current,No,80.63,843,2.71,04/11/2025
APP000422,CUST000870,"116,147.03",90+ Days,Yes,78.81,750,2.77,07/05/2024
APP000276,CUST000227,"201,124.16",90+ Days,No,89.82,742,2.39,31/10/2024
APP000328,CUST000856,"314,701.04",90+ Days,Yes,64.63,607,2.68,22/03/2024
APP000765,CUST000343,"237,669.23",90+ Days,No,66.03,758,2.27,26/09/2024
APP000039,CUST000044,"250,759.39",90+ Days,Yes,80.42,728,2.47,30/09/2023
APP000805,CUST000961,"360,563.85",90+ Days,Yes,95.32,753,2,05/09/2024
APP000852,CUST000010,"349,570.84",90+ Days,Yes,97.03,616,2.89,10/11/2023
APP000506,CUST000762,"297,453.73",90+ Days,Yes,67.99,767,2.07,13/02/2024
APP000290,CUST000991,"231,982.64",90+ Days,Yes,74.52,717,2.73,26/04/2024
APP000234,CUST000293,"225,002.51",90+ Days,Yes,70.64,826,2.15,04/06/2023
APP000856,CUST000938,"103,904.07",90+ Days,Yes,99.82,722,2.32,18/07/2023
APP000342,CUST000825,"254,541.12",90+ Days,Yes,87.93,765,2.97,24/07/2023
APP000305,CUST000860,"256,385.32",90+ Days,Yes,85.6,694,2.22,21/07/2024
APP000624,CUST000451,"149,435.40",90+ Days,No,61.19,629,2.16,13/03/2025
APP000806,CUST000853,"316,678.53",Current,No,86.04,603,2.76,15/09/2025
APP000575,CUST000658,"276,827.49",90+ Days,Yes,98.58,615,2.19,05/11/2023
APP000502,CUST000665,"284,520.18",90+ Days,Yes,87.75,823,2.03,19/07/2023
APP000602,CUST000252,"265,154.32",90+ Days,No,67.86,745,2.56,04/03/2025
APP000721,CUST000797,"299,091.53",90+ Days,Yes,102.81,798,1.91,30/01/2024
APP000985,CUST000576,"267,906.54",90+ Days,Yes,78.35,694,1.87,26/06/2023
APP000120,CUST000614,"226,172.90",90+ Days,Yes,58.22,662,1.57,16/12/2023
APP000306,CUST000848,"377,597.73",90+ Days,Yes,103.81,607,2.3,16/01/2024
APP000037,CUST000795,"152,115.22",90+ Days,Yes,79.92,725,2.1,03/09/2023
APP000643,CUST000122,"307,069.48",90+ Days,No,70.61,722,2.04,17/09/2024
APP000311,CUST000341,"431,400.92",90+ Days,Yes,86.53,752,2.17,23/11/2023
APP000172,CUST000456,"304,804.50",90+ Days,Yes,81.47,837,1.48,16/08/2024
APP000711,CUST000946,"154,232.94",Current,No,64.5,716,3.05,02/06/2025
APP000969,CUST000336,"220,018.65",90+ Days,Yes,87.73,835,2.47,30/07/2023
APP000981,CUST000079,"149,833.35",Current,No,59.35,624,2.26,26/07/2025
APP000117,CUST000039,"273,434.32",Current,No,56.47,798,1.58,07/07/2025
APP000240,CUST000450,"270,952.92",Current,No,81.78,781,2.97,15/07/2025
APP000356,CUST000230,"168,824.12",90+ Days,Yes,75.04,769,2.26,04/07/2023
APP000949,CUST000964,"142,656.09",90+ Days,No,100.98,781,2.67,03/12/2024
APP000752,CUST000959,"102,219.53",Current,No,77.46,685,3.17,27/05/2025
APP000523,CUST000055,"229,993.06",90+ Days,No,93.72,771,3.51,16/12/2024
APP000204,CUST000235,"50,000.00",90+ Days,Yes,102.09,849,3.27,17/06/2023
APP000679,CUST000100,"129,540.64",90+ Days,Yes,93.53,773,3.45,12/09/2024
APP000196,CUST000495,"322,169.65",90+ Days,Yes,87.93,633,2.28,11/05/2024
APP000362,CUST000742,"223,424.02",90+ Days,Yes,77.36,694,2.98,02/05/2023
APP000795,CUST000638,"143,378.33",90+ Days,Yes,83.52,712,3.5,04/09/2024
APP000223,CUST000651,"232,531.91",Current,No,89.21,820,2.18,23/06/2025
APP000348,CUST000604,"114,326.19",90+ Days,Yes,115.36,694,1.86,12/09/2024
APP000089,CUST000304,"129,359.67",60 Days,No,101.27,679,2.18,09/04/2025
APP000446,CUST000061,"178,329.12",90+ Days,Yes,59.95,656,2.26,01/10/2023
APP000738,CUST000116,"197,899.81",30 Days,No,66.42,680,2.5,07/05/2025
APP000633,CUST000129,"289,785.20",90+ Days,Yes,89.58,628,2.57,10/09/2024
APP000962,CUST000770,"238,430.58",90+ Days,Yes,80.61,669,2.14,01/11/2023
APP000727,CUST000361,"260,533.90",30 Days,No,99.07,717,3.66,19/04/2025
APP000709,CUST000867,"71,677.85",90+ Days,Yes,50,672,2.71,26/08/2024
APP000907,CUST000597,"182,547.55",Current,No,93.86,652,2.11,29/08/2025
APP000987,CUST000872,"323,463.29",90+ Days,Yes,83.72,847,2.3,03/09/2024
APP000781,CUST000480,"211,750.98",90+ Days,No,96.23,613,2.26,02/12/2024
APP000885,CUST000561,"214,584.72",90+ Days,Yes,54.53,787,3.32,03/06/2023
APP000433,CUST000954,"388,578.94",30 Days,No,64.84,668,2.21,27/04/2025
APP000106,CUST000691,"283,699.29",90+ Days,Yes,79.5,740,1.89,06/08/2023
APP000899,CUST000242,"62,277.61",Current,No,78.31,666,2.35,27/10/2025
APP000701,CUST000036,"319,026.64",90+ Days,Yes,87.47,775,2.27,27/02/2024
APP000610,CUST000395,"198,144.84",90+ Days,Yes,70.95,765,3.09,16/07/2024
APP000303,CUST000442,"452,035.95",90+ Days,No,63.9,610,1.81,01/12/2024
APP000650,CUST000400,"200,579.25",90+ Days,Yes,96.66,790,3.27,28/02/2024
APP000387,CUST000224,"248,206.45",90+ Days,Yes,72.19,824,3.43,08/02/2024
APP000407,CUST000233,"224,002.40",90+ Days,No,74.99,802,2.51,21/09/2024
APP000016,CUST000808,"198,241.39",90+ Days,Yes,67.09,833,1.67,19/04/2023
APP000413,CUST000917,"229,266.12",Current,No,61.57,623,3.87,30/06/2025
APP000511,CUST000326,"220,174.05",90+ Days,Yes,84.76,727,2.35,22/07/2023
APP000264,CUST000958,"335,781.88",90+ Days,Yes,91.91,784,2.41,21/04/2023
APP000228,CUST000449,"176,529.37",90+ Days,Yes,70.99,818,1.87,04/05/2024
APP000827,CUST000616,"263,510.81",Current,No,63.31,648,3.04,23/09/2025
APP000873,CUST000437,"208,803.01",90+ Days,No,88.35,792,3.06,27/09/2024
APP000251,CUST000716,"399,093.68",60 Days,No,57.37,626,3.23,09/04/2025
APP000640,CUST000888,"161,450.91",90+ Days,Yes,82.19,714,2.15,09/05/2024
APP000488,CUST000470,"266,855.83",90+ Days,Yes,76.63,739,2.6,24/03/2023
APP000939,CUST000025,"125,322.18",90+ Days,Yes,64.65,656,3.31,11/12/2023
APP000617,CUST000928,"185,158.64",90+ Days,Yes,63.28,677,2.59,30/06/2023
APP000723,CUST000479,"97,290.11",90+ Days,Yes,65.66,772,1.6,06/10/2023
APP000574,CUST000717,"222,378.20",Current,No,64.63,714,2,28/08/2025
APP000513,CUST000894,"311,175.76",60 Days,No,78.61,600,3.5,24/03/2025
APP000667,CUST000180,"227,237.07",90+ Days,Yes,70.1,793,3.02,01/02/2024
APP000389,CUST000477,"231,876.54",Current,No,77.26,754,1.84,29/11/2025
APP000086,CUST000177,"156,330.65",90+ Days,Yes,83.9,787,2.42,26/08/2024
APP000524,CUST000007,"226,123.73",90+ Days,No,89.5,602,2.22,10/12/2024
APP000233,CUST000995,"204,751.94",90+ Days,No,52.38,725,2.89,27/10/2024
APP000903,CUST000156,"144,147.43",90+ Days,Yes,95.93,849,2.52,30/07/2024
APP000791,CUST000056,"292,913.29",90+ Days,Yes,71.9,744,2.31,10/11/2023
APP000378,CUST000272,"303,716.05",90+ Days,Yes,68.42,834,2.81,28/06/2023
APP000699,CUST000121,"519,237.86",90+ Days,Yes,64.36,750,2.51,22/01/2024
APP000478,CUST000193,"294,257.24",90+ Days,Yes,70.62,612,1.96,18/07/2023
APP000666,CUST000109,"166,750.88",90+ Days,No,83.03,775,2.69,25/12/2024
APP000620,CUST000520,"286,254.26",90+ Days,Yes,91.96,719,2.99,24/04/2024
APP000320,CUST000383,"425,481.19",90+ Days,No,77.72,622,2.81,24/11/2024
APP000895,CUST000459,"253,311.46",90+ Days,Yes,96.1,645,2.94,27/03/2024
APP000270,CUST000945,"288,136.13",90+ Days,Yes,108.59,641,3.37,03/07/2024
APP000940,CUST000546,"513,144.04",90+ Days,Yes,70.53,611,2.51,16/11/2023
APP000168,CUST000948,"282,137.63",90+ Days,No,81.58,763,2.74,29/12/2024
APP000509,CUST000852,"196,811.06",90+ Days,Yes,109.7,703,3,12/04/2023
APP000244,CUST000013,"275,582.96",90+ Days,Yes,78.31,807,1.74,12/06/2023
APP000648,CUST000943,"137,736.86",90+ Days,Yes,85.63,744,2.39,30/05/2024
APP000354,CUST000937,"98,686.12",90+ Days,No,78.58,698,3.4,31/01/2025
APP000466,CUST000589,"360,756.53",90+ Days,Yes,80.73,650,1.82,31/07/2024
APP000110,CUST000434,"84,641.79",90+ Days,Yes,63.18,841,3.09,09/09/2023
APP000176,CUST000382,"50,000.00",Current,No,73.47,751,2.35,04/07/2025
APP000751,CUST000287,"178,335.01",90+ Days,Yes,94.18,615,2.07,16/03/2024
APP000075,CUST000443,"278,317.10",90+ Days,No,79.82,648,3.63,02/10/2024
APP000361,CUST000758,"152,252.54",90+ Days,No,70.21,746,2.17,12/12/2024
APP000614,CUST000491,"223,541.58",Current,No,84.93,652,2.23,22/08/2025
APP000019,CUST000027,"148,266.51",90+ Days,Yes,67.81,795,2.83,28/04/2024
APP000253,CUST000685,"282,533.93",90+ Days,Yes,72.84,831,2.5,26/07/2024
APP000724,CUST000830,"259,287.24",90+ Days,Yes,83.02,718,2.39,14/01/2024
APP000742,CUST000718,"249,944.37",90+ Days,Yes,92.53,676,2.34,15/09/2023
APP000936,CUST000033,"56,569.32",90+ Days,Yes,88.3,715,2.38,18/06/2024
APP000698,CUST000035,"179,506.21",90+ Days,Yes,62.77,766,2.76,25/03/2024
APP000923,CUST000419,"294,078.49",90+ Days,No,66.94,668,2.57,09/01/2025
APP000059,CUST000505,"259,779.83",90+ Days,Yes,72.32,732,2.89,29/02/2024
APP000149,CUST000601,"305,430.73",90+ Days,No,98.27,709,2.46,31/12/2024
APP000151,CUST000756,"161,820.09",90+ Days,No,108.4,626,2.33,20/12/2024
APP000684,CUST000472,"184,462.25",90+ Days,Yes,62.03,601,2.8,13/06/2024
APP000843,CUST000240,"133,520.30",Current,No,103.94,777,3.08,20/07/2025
APP000865,CUST000097,"205,550.10",90+ Days,Yes,103.71,749,2.85,13/09/2023
APP000154,CUST000332,"128,984.30",90+ Days,Yes,75.52,805,3.06,01/02/2024
APP000140,CUST000157,"340,919.64",90+ Days,Yes,92.55,692,3.13,10/10/2023
APP000421,CUST000349,"153,850.20",90+ Days,No,82.08,730,2.38,25/11/2024
APP000904,CUST000290,"247,910.37",Current,No,103.39,728,1.4,11/09/2025
APP000365,CUST000562,"187,073.24",90+ Days,Yes,75.09,791,2.86,01/05/2024
APP000402,CUST000072,"75,575.79",90+ Days,Yes,97.52,694,2.22,15/06/2023
APP000279,CUST000120,"286,912.37",90+ Days,No,81.2,739,2.48,15/11/2024
APP000144,CUST000996,"441,166.24",90+ Days,Yes,86.18,805,1.96,23/12/2023
APP000660,CUST000285,"208,761.56",90+ Days,Yes,76.26,663,2.95,13/08/2023
APP000902,CUST000932,"181,524.07",Current,No,70.76,845,2.2,04/07/2025
APP000866,CUST000291,"389,703.54",90+ Days,No,71.5,795,1.77,20/11/2024
APP000710,CUST000104,"261,016.53",90+ Days,Yes,81.28,619,2.9,11/08/2024
APP000058,CUST000733,"330,015.80",90+ Days,No,90.51,837,2.76,23/12/2024
APP000527,CUST000969,"210,165.70",90+ Days,No,76.87,695,2.15,01/03/2025
APP000229,CUST000223,"381,810.54",90+ Days,Yes,84.02,600,1.83,04/09/2024
APP000360,CUST000550,"373,138.09",90+ Days,No,89.62,637,2.36,25/01/2025
APP000740,CUST000305,"99,375.86",90+ Days,Yes,102.39,647,2.8,31/08/2024
APP000683,CUST000819,"221,239.53",90+ Days,No,60.64,748,2.15,24/02/2025
APP000681,CUST000006,"247,982.33",90+ Days,Yes,61.91,755,2.33,25/06/2024
APP000615,CUST000354,"192,331.52",Current,No,89.13,754,2.49,15/06/2025
APP000862,CUST000303,"121,236.78",90+ Days,Yes,93.02,761,2.23,10/06/2024
APP000162,CUST000364,"230,033.36",90+ Days,Yes,86.54,760,1.74,01/06/2023
APP000808,CUST000974,"341,385.01",90+ Days,No,80.19,758,2.33,10/03/2025
APP000722,CUST000736,"299,818.61",90+ Days,Yes,64.1,777,2.75,17/10/2023
APP000465,CUST000038,"429,126.51",90+ Days,Yes,74.2,724,2.87,15/11/2023
APP000432,CUST000535,"479,321.10",90+ Days,Yes,73.29,775,2.13,02/06/2024
APP000627,CUST000706,"126,044.49",Current,No,78.18,637,1.32,26/07/2025
APP000606,CUST000828,"318,624.80",90+ Days,Yes,64.6,641,2.22,08/08/2024
APP000232,CUST000277,"307,034.21",90+ Days,Yes,70.96,778,2.4,13/07/2023
APP000293,CUST000649,"299,472.52",90+ Days,Yes,85.47,712,1.94,05/07/2024
APP000031,CUST000273,"171,978.71",90+ Days,Yes,109.54,735,1.94,07/08/2023
APP000636,CUST000567,"242,070.33",90+ Days,Yes,70.24,798,3.33,13/04/2024
APP000394,CUST000154,"358,321.28",90+ Days,No,67.74,714,2.09,12/11/2024
APP000265,CUST000827,"195,390.20",Current,No,72.25,818,1.76,24/08/2025
APP000790,CUST000881,"212,501.47",Current,No,89.57,607,2.59,30/05/2025
APP000125,CUST000275,"50,000.00",90+ Days,No,103.74,816,2.26,14/03/2025
APP000581,CUST000584,"299,661.54",90+ Days,Yes,70.42,742,2.99,26/02/2024
APP000792,CUST000049,"288,615.47",90+ Days,Yes,94.22,816,2.24,16/07/2023
APP000867,CUST000249,"341,505.00",90+ Days,No,71.44,727,2.34,05/02/2025
APP000382,CUST000609,"190,749.81",90+ Days,No,78.7,659,2.18,01/03/2025
APP000370,CUST000528,"190,512.66",90+ Days,No,87.21,695,2.25,20/02/2025
APP000175,CUST000591,"380,294.65",90+ Days,Yes,53.44,650,2.34,28/02/2024
APP000989,CUST000645,"353,893.68",90+ Days,Yes,100.57,800,2.2,25/10/2023
APP000549,CUST000619,"206,968.42",60 Days,No,79.39,774,1.66,03/04/2025
APP000103,CUST000565,"322,158.09",90+ Days,No,50.41,610,2.5,11/01/2025
APP000400,CUST000673,"106,740.34",90+ Days,Yes,101.87,733,3.02,12/08/2024
APP000308,CUST000826,"249,386.77",Current,No,79.78,738,2.6,12/07/2025
APP000893,CUST000553,"160,343.48",90+ Days,Yes,88.32,679,2.25,02/04/2024
APP000310,CUST000814,"253,934.58",90+ Days,Yes,90.11,823,2.16,17/12/2023
APP000473,CUST000425,"50,000.00",90+ Days,Yes,79.06,807,2.94,26/02/2024
APP000736,CUST000053,"424,737.64",90+ Days,Yes,100.14,839,2.95,03/10/2023
APP000517,CUST000475,"342,312.23",90+ Days,Yes,78.01,727,1.86,16/09/2023
APP000430,CUST000164,"353,058.77",Current,No,91.46,786,2.55,29/05/2025
APP000753,CUST000729,"319,675.91",Current,No,65.19,766,3.13,31/07/2025
APP000436,CUST000378,"307,901.61",90+ Days,Yes,68.23,711,2.83,13/07/2024
APP000811,CUST000017,"343,374.62",90+ Days,Yes,119.86,689,2.12,27/07/2024
APP000737,CUST000140,"285,505.63",90+ Days,Yes,91.19,686,3.11,30/08/2023
APP000688,CUST000580,"275,440.18",90+ Days,No,78.92,646,2.41,13/11/2024
APP000148,CUST000526,"268,940.59",90+ Days,Yes,89.98,772,2.03,09/06/2024
APP000249,CUST000534,"335,693.93",90+ Days,Yes,80.59,849,2.63,07/07/2023
APP000659,CUST000014,"258,403.92",Current,No,89.61,736,2.16,09/09/2025
APP000937,CUST000885,"143,593.95",90+ Days,Yes,89.22,790,2.03,16/05/2024
APP000828,CUST000338,"180,729.84",90+ Days,Yes,83.97,836,2.6,23/12/2023
APP000810,CUST000858,"249,977.66",Current,No,63.2,637,2.04,14/08/2025
APP000944,CUST000471,"308,917.78",90+ Days,Yes,72.68,688,3.05,11/07/2023
APP000565,CUST000776,"307,567.95",90+ Days,Yes,111.51,622,2.11,24/08/2023
APP000647,CUST000482,"263,234.77",90+ Days,Yes,87.81,688,1.97,21/08/2024
APP000673,CUST000990,"120,836.53",90+ Days,No,78.44,647,1.68,14/01/2025
APP000012,CUST000710,"145,746.06",90+ Days,Yes,72.81,719,2.2,29/08/2023
APP000463,CUST000153,"174,772.00",90+ Days,Yes,84.72,787,2.41,31/08/2024
APP000398,CUST000745,"129,358.70",90+ Days,No,67.42,786,1.9,07/02/2025
APP000847,CUST000988,"168,428.89",Current,No,62.51,799,2.98,26/06/2025
APP000203,CUST000099,"252,169.21",90+ Days,Yes,69.4,696,3.24,12/06/2024
APP000038,CUST000414,"361,735.66",Current,No,71.96,823,2.91,09/09/2025
APP000555,CUST000624,"294,745.55",90+ Days,Yes,90.22,613,1.51,29/07/2023
APP000464,CUST000008,"280,235.87",60 Days,No,91.38,680,2.07,13/04/2025
APP000970,CUST000544,"351,016.25",90+ Days,No,72.07,827,1.85,21/02/2025
APP000197,CUST000805,"210,689.62",Current,No,89.43,727,2.31,23/05/2025
APP000490,CUST000823,"298,603.87",Current,No,66.17,759,2.31,25/06/2025
APP000997,CUST000539,"239,717.59",90+ Days,Yes,104.72,661,1.56,09/05/2024
APP000367,CUST000749,"371,727.51",90+ Days,Yes,70.26,848,1.8,14/09/2023
APP000100,CUST000720,"339,639.01",Current,No,104.26,625,1.79,05/06/2025
APP000894,CUST000997,"352,625.64",90+ Days,Yes,90.96,695,2.31,14/02/2024
APP000024,CUST000513,"113,664.37",60 Days,No,98.21,665,2.82,16/03/2025
APP000427,CUST000524,"117,980.98",90+ Days,Yes,107,847,1.71,26/05/2024
APP000755,CUST000871,"235,840.70",Current,No,82.53,810,3.5,19/09/2025
APP000922,CUST000523,"184,670.40",90+ Days,Yes,73.2,786,1.33,13/08/2024
APP000802,CUST000413,"303,050.26",90+ Days,Yes,87.42,658,2.21,13/12/2023
APP000499,CUST000170,"265,117.96",90+ Days,Yes,100.26,618,2.52,04/07/2024
APP000704,CUST000430,"178,058.40",Current,No,80.7,820,2.56,27/07/2025
APP000906,CUST000084,"305,395.60",90+ Days,Yes,56.27,675,2.67,20/05/2023
APP000732,CUST000111,"143,669.12",90+ Days,Yes,102.78,805,3.23,10/09/2024
APP000494,CUST000799,"356,192.48",60 Days,No,60.83,704,3.03,12/04/2025
APP000357,CUST000785,"261,454.37",90+ Days,No,65.36,627,3.68,27/10/2024
APP000540,CUST000605,"308,912.39",90+ Days,Yes,66.12,735,2.64,03/04/2023
APP000064,CUST000217,"228,359.56",90+ Days,Yes,93.77,782,2.48,30/12/2023
APP000283,CUST000066,"330,477.05",90+ Days,Yes,91.42,683,3.09,12/01/2024
APP000384,CUST000391,"116,634.84",90+ Days,Yes,84.14,825,2.29,02/08/2023
APP000824,CUST000342,"282,626.98",90+ Days,Yes,97.6,830,2.24,27/06/2023
APP000927,CUST000489,"308,978.15",90+ Days,Yes,95.12,625,2.2,27/06/2023
APP000239,CUST000507,"354,050.80",90+ Days,Yes,72.74,656,3,25/09/2023
APP000642,CUST000245,"307,149.47",Current,No,73.74,676,2.87,22/08/2025
APP000713,CUST000348,"309,452.11",90+ Days,Yes,119.59,794,2.7,01/05/2024
APP000339,CUST000540,"221,781.22",90+ Days,Yes,53.51,819,2.55,08/03/2024
APP000510,CUST000226,"164,448.08",60 Days,No,94.82,731,2.22,21/03/2025
APP000069,CUST000205,"155,248.55",90+ Days,No,83.6,767,2.33,02/02/2025
APP000419,CUST000424,"361,618.81",90+ Days,Yes,80.34,816,2.71,29/09/2023
APP000982,CUST000115,"170,705.25",90+ Days,Yes,77.99,703,2.61,24/07/2023
APP000853,CUST000003,"206,598.82",Current,No,63.75,807,2.18,07/08/2025
APP000246,CUST000578,"225,009.69",30 Days,No,95.74,756,1.67,13/05/2025
APP000128,CUST000353,"401,862.40",90+ Days,No,72.39,634,1.99,26/01/2025
APP000046,CUST000135,"287,690.89",90+ Days,Yes,92.06,699,2.25,24/06/2023
APP000192,CUST000321,"63,083.42",90+ Days,No,96.72,750,2.79,02/02/2025
APP000205,CUST000918,"175,135.53",60 Days,No,76.01,710,2.2,08/04/2025
APP000776,CUST000265,"160,723.05",90+ Days,Yes,78.76,631,2.2,07/06/2023
APP000445,CUST000735,"243,147.28",90+ Days,Yes,69.87,753,2.74,28/05/2024
APP000789,CUST000098,"86,247.25",Current,No,88.44,818,2.53,09/07/2025
APP000848,CUST000034,"202,540.10",90+ Days,Yes,75.55,624,2.57,25/05/2023
APP000637,CUST000994,"305,813.67",90+ Days,No,82.65,832,3.17,27/10/2024
APP000301,CUST000358,"92,907.19",90+ Days,Yes,72.03,739,2.53,31/05/2023
APP000507,CUST000089,"107,069.10",Current,No,96.45,672,1.82,17/06/2025
APP000797,CUST000538,"288,343.63",90+ Days,No,92.41,773,3.04,08/03/2025
APP000522,CUST000335,"138,654.20",Current,No,100.45,655,2.99,22/05/2025
APP000967,CUST000889,"254,762.10",90+ Days,No,85.57,710,2.25,22/01/2025
APP000884,CUST000243,"318,641.75",90+ Days,No,50,682,2.01,08/01/2025
APP000034,CUST000631,"220,614.64",90+ Days,No,82.36,787,2.59,26/11/2024
APP000877,CUST000499,"279,905.51",90+ Days,Yes,98.73,822,2.35,06/11/2023
APP000236,CUST000503,"76,157.31",Current,No,69.28,705,2.58,02/09/2025
APP000794,CUST000652,"316,492.90",90+ Days,Yes,77.1,625,2.54,18/04/2024
APP000998,CUST000637,"314,090.53",90+ Days,Yes,70.89,810,2.54,24/02/2024
APP000079,CUST000416,"168,831.89",90+ Days,Yes,86.04,751,2.13,07/07/2024
APP000690,CUST000575,"248,932.21",90+ Days,No,51.09,673,1.24,01/01/2025
APP000556,CUST000005,"346,241.64",90+ Days,No,95.37,713,2.07,09/12/2024
APP000564,CUST000831,"378,716.78",90+ Days,Yes,79.41,719,2.5,13/11/2023
APP000528,CUST000241,"314,709.84",90+ Days,Yes,72.69,703,2.98,10/06/2024
APP000273,CUST000886,"50,000.00",90+ Days,Yes,104.2,765,3.11,07/09/2023
APP000090,CUST000723,"236,876.53",90+ Days,No,83.71,690,3.24,06/12/2024
APP000173,CUST000040,"106,656.10",Current,No,60.22,806,2.45,05/08/2025
APP000411,CUST000464,"168,754.85",90+ Days,Yes,80.87,723,2.78,01/04/2024
APP000554,CUST000982,"203,704.39",90+ Days,Yes,87.31,767,1.63,08/09/2023
APP000213,CUST000572,"165,169.36",Current,No,86.27,739,2.7,29/06/2025
APP000583,CUST000688,"268,283.91",Current,No,76.07,703,2.46,17/08/2025
APP000338,CUST000970,"251,848.61",90+ Days,Yes,88.67,724,2.33,05/07/2024
APP000317,CUST000022,"130,260.23",90+ Days,Yes,98.67,693,2.14,18/11/2023
APP000224,CUST000306,"174,264.15",90+ Days,No,80.18,775,2.35,01/10/2024
APP000358,CUST000939,"329,409.64",90+ Days,No,65.95,685,2.55,23/01/2025
APP000097,CUST000094,"188,509.65",90+ Days,Yes,67.4,657,1.93,24/11/2023
APP000616,CUST000312,"217,103.17",Current,No,96.84,628,1.56,14/06/2025
APP000286,CUST000621,"125,895.79",90+ Days,Yes,72.65,675,3.18,17/11/2023
APP000579,CUST000966,"85,407.62",90+ Days,Yes,67.87,749,3.16,21/02/2024
APP000347,CUST000155,"246,964.59",90+ Days,No,77.1,612,2.21,21/02/2025
APP000760,CUST000679,"526,613.99",90+ Days,Yes,78.41,755,2.44,21/09/2023
APP000498,CUST000935,"187,574.66",90+ Days,Yes,60.1,656,1.57,15/05/2024
APP000651,CUST000517,"203,737.54",90+ Days,No,77.67,661,2.43,30/11/2024
APP000769,CUST000711,"100,218.65",90+ Days,Yes,69.91,632,2.21,25/07/2023
APP000321,CUST000993,"204,284.00",90+ Days,Yes,84.96,840,2.76,12/09/2023
APP000888,CUST000409,"250,912.07",90+ Days,No,58.91,703,1.72,09/12/2024
APP000959,CUST000812,"321,203.17",Current,No,104.46,638,2.7,06/07/2025
APP000104,CUST000487,"133,818.89",30 Days,No,55.76,749,3.51,12/05/2025
APP000392,CUST000440,"309,884.80",90+ Days,No,74.01,708,2.97,29/11/2024
APP000191,CUST000772,"277,314.93",90+ Days,No,90.5,609,2.43,27/02/2025
APP000050,CUST000564,"293,744.11",90+ Days,Yes,92.11,702,2.8,06/04/2024
APP000248,CUST000309,"220,520.75",90+ Days,Yes,90.03,732,2.24,13/06/2024
APP000441,CUST000087,"233,193.25",90+ Days,Yes,73.6,816,2.87,16/05/2024
APP000484,CUST000686,"175,321.27",90+ Days,Yes,81.75,732,2.21,20/07/2023
APP000920,CUST000420,"268,512.50",Current,No,57.71,767,2.77,13/06/2025
APP000211,CUST000884,"112,254.26",90+ Days,Yes,91.5,742,2.52,29/01/2024
APP000803,CUST000259,"307,291.85",90+ Days,Yes,89.41,823,2.09,25/01/2024
APP000598,CUST000204,"271,697.28",90+ Days,No,91.25,669,2.74,20/10/2024
APP000006,CUST000629,"143,466.43",90+ Days,Yes,104.53,765,1.07,22/11/2023
APP000182,CUST000139,"214,544.30",90+ Days,Yes,50,630,1.87,31/08/2023
APP000078,CUST000031,"152,184.07",90+ Days,No,92.66,826,2.74,10/01/2025
APP000003,CUST000041,"375,934.71",90+ Days,Yes,84.67,692,1.71,10/08/2024
APP000771,CUST000370,"281,034.63",90+ Days,Yes,89.48,659,1.83,11/05/2024
APP000210,CUST000788,"256,025.77",90+ Days,Yes,78.57,735,2.18,26/04/2024
APP000408,CUST000070,"177,623.48",Current,No,75.24,755,2.05,07/08/2025
APP000468,CUST000501,"185,221.00",90+ Days,Yes,104.7,745,2.27,26/08/2024
APP000891,CUST000209,"232,876.10",90+ Days,Yes,78.95,654,2.3,30/07/2024
APP000715,CUST000806,"311,223.27",90+ Days,Yes,92.48,750,2.44,12/05/2024
APP000799,CUST000646,"336,321.90",90+ Days,Yes,87.64,669,3.14,22/03/2024
APP000072,CUST000693,"256,740.59",90+ Days,Yes,87.3,746,3.33,17/07/2023
APP000469,CUST000803,"314,982.31",90+ Days,No,88.12,739,1.44,30/11/2024
APP000953,CUST000239,"501,443.86",90+ Days,Yes,54.44,819,2.26,06/12/2023
APP000241,CUST000929,"245,231.69",90+ Days,Yes,74.05,765,2.17,06/09/2023
APP000243,CUST000502,"135,792.18",90+ Days,Yes,90.65,623,2.49,23/10/2023
APP000139,CUST000174,"209,392.44",Current,No,68.78,625,3.15,09/09/2025
APP000977,CUST000933,"267,082.81",60 Days,No,65.02,732,1.79,17/03/2025
APP000764,CUST000596,"164,969.92",Current,No,69.24,606,2.6,16/11/2025
APP000938,CUST000579,"215,013.42",90+ Days,Yes,61.73,782,2.46,31/07/2024
APP000569,CUST000670,"106,647.40",90+ Days,Yes,88.51,606,2.48,26/09/2023
APP000883,CUST000433,"445,865.48",90+ Days,Yes,64.81,733,2.24,09/06/2023
APP000780,CUST000452,"197,434.66",90+ Days,Yes,53.83,707,2.6,18/04/2024
APP000007,CUST000295,"221,077.23",90+ Days,Yes,50,728,2.17,04/11/2023
APP000220,CUST000331,"389,216.40",90+ Days,Yes,72.87,835,2.63,12/03/2023
APP000074,CUST000324,"138,944.38",90+ Days,No,79.99,720,2.49,30/01/2025
APP000414,CUST000890,"197,022.35",90+ Days,Yes,59.32,745,2.84,11/02/2024
APP000013,CUST000849,"326,429.81",90+ Days,Yes,93.38,812,2.45,10/06/2024
APP000515,CUST000653,"224,978.97",Current,No,84.91,780,2.45,21/05/2025
APP000568,CUST000821,"315,092.22",90+ Days,No,65.24,637,1.46,28/12/2024
APP000917,CUST000396,"226,797.55",90+ Days,No,96.55,779,1.73,16/11/2024
APP000088,CUST000628,"276,759.91",Current,No,120,641,2.74,31/05/2025
APP000272,CUST000893,"336,641.76",90+ Days,No,76.58,839,2.21,06/12/2024
APP000697,CUST000142,"315,597.15",90+ Days,Yes,88.56,793,2.46,15/04/2024
APP000475,CUST000846,"380,298.55",90+ Days,No,94.13,649,2.34,06/02/2025
APP000767,CUST000125,"208,809.42",90+ Days,Yes,61.79,636,2.64,26/07/2023
APP000674,CUST000602,"56,636.30",Current,No,59.84,846,3.43,23/08/2025
APP000113,CUST000237,"247,697.75",90+ Days,Yes,89.66,794,3.12,25/04/2024
APP000188,CUST000548,"401,674.23",90+ Days,Yes,79.78,835,1.97,08/06/2023
APP000932,CUST000232,"259,165.69",Current,No,79.84,679,2.89,12/11/2025
APP000700,CUST000160,"364,031.34",90+ Days,Yes,90.28,800,2.51,19/07/2023
APP000975,CUST000143,"241,994.23",90+ Days,No,60.27,756,2.29,16/01/2025
APP000625,CUST000874,"341,501.99",Current,No,79.12,659,2.11,07/10/2025
APP000593,CUST000054,"136,760.31",Current,No,107.7,654,3.82,14/09/2025
APP000818,CUST000801,"358,373.53",90+ Days,Yes,87.22,636,2.88,23/08/2023
APP000541,CUST000256,"180,121.24",90+ Days,Yes,70.99,739,2.95,03/03/2024
APP000686,CUST000261,"396,832.41",60 Days,No,100.97,695,2.43,04/04/2025
APP000768,CUST000244,"181,423.16",Current,No,68.41,731,3.03,19/06/2025
APP000831,CUST000218,"212,534.60",60 Days,No,110.2,754,3.1,21/03/2025
APP000373,CUST000903,"50,000.00",Current,No,51.01,810,2.19,18/08/2025
APP000905,CUST000169,"279,289.26",90+ Days,Yes,68.17,668,2.53,18/05/2024
APP000298,CUST000268,"338,116.25",90+ Days,Yes,72.01,755,3.02,29/09/2023
APP000201,CUST000721,"145,953.62",90+ Days,Yes,81.17,623,3.22,23/06/2024
APP000758,CUST000485,"256,010.02",90+ Days,No,68.13,669,2.09,08/02/2025
APP000485,CUST000284,"138,816.18",90+ Days,Yes,50.12,657,2.18,24/02/2024
APP000207,CUST000366,"195,640.71",90+ Days,Yes,75.7,649,2.05,26/08/2023
APP000924,CUST000247,"189,417.55",90+ Days,No,90.34,709,2.6,06/12/2024
APP000218,CUST000339,"304,403.79",90+ Days,Yes,60.84,653,1.62,08/04/2024
APP000456,CUST000986,"259,031.67",Current,No,103.89,741,1.99,04/10/2025
APP000860,CUST000377,"499,886.74",90+ Days,Yes,81.82,706,2.12,24/09/2023
APP000355,CUST000715,"268,077.42",90+ Days,Yes,89.93,661,1.71,18/06/2024
APP000951,CUST000891,"111,650.76",90+ Days,Yes,76.87,686,2.46,29/05/2024
APP000171,CUST000784,"221,227.70",90+ Days,Yes,106.78,654,3.29,18/04/2024
APP000675,CUST000314,"233,499.26",90+ Days,Yes,98.04,822,2.37,18/10/2023
APP000909,CUST000073,"305,082.66",90+ Days,Yes,87.19,771,2.46,11/12/2023
APP000217,CUST000985,"249,463.25",90+ Days,Yes,67.97,686,2.15,17/06/2023
APP000842,CUST000060,"50,000.00",90+ Days,No,76.34,727,3.09,19/11/2024
APP000065,CUST000926,"210,481.02",Current,No,84.02,802,2.53,22/09/2025
APP000284,CUST000927,"135,585.09",90+ Days,Yes,50,724,2.53,01/06/2024
APP000882,CUST000299,"165,720.34",90+ Days,Yes,82.52,680,2.9,02/09/2023
APP000480,CUST000647,"328,008.07",90+ Days,No,76.75,740,2.59,04/03/2025
APP000594,CUST000374,"159,358.72",90+ Days,No,87.95,609,2.97,06/12/2024
APP000505,CUST000912,"185,700.76",90+ Days,No,61.76,643,1.75,31/01/2025
APP000971,CUST000921,"432,349.15",90+ Days,Yes,83.79,714,1.39,15/08/2023
APP000609,CUST000610,"298,195.78",90+ Days,Yes,75.42,653,1.41,10/07/2023
APP000861,CUST000709,"244,244.61",Current,No,78.76,849,2.28,13/08/2025
APP000854,CUST000593,"380,562.68",90+ Days,Yes,85.1,716,2.61,24/12/2023
APP000180,CUST000989,"228,558.81",90+ Days,Yes,75.43,608,3.05,28/04/2024
APP000142,CUST000403,"226,718.19",90+ Days,Yes,74.72,826,2.83,07/12/2023
APP000942,CUST000279,"350,131.62",90+ Days,No,69.67,805,2.48,27/12/2024
APP000966,CUST000030,"50,000.00",90+ Days,Yes,87.52,807,1.98,06/05/2024
APP000493,CUST000412,"313,490.38",90+ Days,No,79.41,603,3.18,10/12/2024
APP000871,CUST000423,"252,892.69",90+ Days,Yes,120,697,2.38,23/10/2023
APP000412,CUST000214,"103,290.42",Current,No,90.08,775,3.38,12/10/2025
APP000655,CUST000466,"185,114.78",90+ Days,Yes,101.86,740,2.55,24/05/2023
APP000746,CUST000930,"91,571.61",90+ Days,Yes,66.3,733,2.7,22/05/2023
APP000048,CUST000752,"275,458.04",90+ Days,No,98.13,717,1.95,01/12/2024
APP000041,CUST000977,"264,735.13",90+ Days,Yes,50,712,2.05,10/09/2023
APP000481,CUST000371,"202,146.17",90+ Days,No,77.26,781,2.48,26/12/2024
APP000278,CUST000274,"287,617.76",Current,No,98.82,730,3.34,30/07/2025
APP000993,CUST000777,"157,036.60",90+ Days,No,103.77,824,2.71,15/11/2024
APP000131,CUST000882,"276,461.38",90+ Days,Yes,80.57,678,2.03,24/12/2023
APP000745,CUST000105,"303,424.69",90+ Days,No,57.85,723,2.7,27/09/2024
APP000423,CUST000051,"140,983.22",90+ Days,Yes,76.3,696,2.93,05/05/2024
APP000312,CUST000184,"269,628.92",90+ Days,Yes,72.95,649,2.2,10/04/2024
APP000838,CUST000532,"357,102.39",90+ Days,No,79.64,753,3.25,04/03/2025
APP000929,CUST000175,"269,480.49",90+ Days,Yes,92.19,698,1.41,04/09/2024
APP000474,CUST000700,"313,478.26",90+ Days,Yes,75.43,777,3.08,15/06/2024
APP000440,CUST000983,"292,911.69",60 Days,No,87.83,636,1.89,06/04/2025
APP000313,CUST000202,"194,384.81",90+ Days,Yes,97,658,2.28,23/08/2023
APP000135,CUST000192,"249,799.03",90+ Days,Yes,81.72,773,2.58,17/08/2023
APP000350,CUST000626,"89,376.22",90+ Days,Yes,84.72,755,2.86,07/04/2024
APP000202,CUST000816,"315,142.10",Current,No,88.05,650,3.24,02/08/2025
APP000215,CUST000899,"229,947.95",90+ Days,Yes,91.41,727,2.4,22/03/2024
APP000294,CUST000979,"151,096.69",Current,No,73.31,784,1.69,29/09/2025
APP000592,CUST000372,"268,251.60",90+ Days,Yes,85.6,737,2.49,22/05/2024
APP000849,CUST000280,"442,933.08",90+ Days,Yes,79.58,605,3.26,13/10/2023
APP000725,CUST000734,"272,435.56",90+ Days,No,61.33,635,1.68,10/12/2024
